regWait,triageWait,doctorWait,LOS,ClerkUtil,NurseUtil,DoctorUtil,regWait_low,triageWait_low,doctorWait_low,LOS_low,regWait_medium,triageWait_medium,doctorWait_medium,LOS_medium,regWait_high,triageWait_high,doctorWait_high,LOS_high,scenario
9.166928305497262,0.20039314150228543,447.87186678823446,492.139746516657,0.39168614405301805,0.22084930945637077,1.0,6.651685946112814,0.29577591234966144,1037.282057261579,1066.5839002003281,12.268690062509739,0.10203819563043126,262.5381406865523,309.0035193911469,12.008538081215562,0.015554876727485123,10.386390248273884,75.79634765135597,n2d2
9.589527516568657,0.2408944831763804,439.07051604704293,483.8752150165545,0.39219995135830027,0.2246449416187636,0.9954625229860783,6.8518454728676454,0.3611613730452783,1029.7964227462996,1057.0166199576463,12.825489961497578,0.10046837723611693,268.7788358268185,316.1967610711868,13.211732601713628,0.07474083811170118,12.626161866833542,79.94889653347757,n2d2
6.797455591858062,0.18222943256388485,397.7956149732832,440.51258384795057,0.37905318719220166,0.21032684857306697,0.9936867367274551,5.074602521362275,0.2704507815497621,1106.9693067622322,1135.2740867278753,8.863870077834015,0.10132965768491972,219.96392385318478,262.8720718187422,8.244318757960578,0.015554876727485123,10.010810815378317,74.9843297627479,n2d2
7.640765313509426,0.18045916747405635,401.43871474662313,444.25915211361774,0.3833395462937831,0.2121751427739313,1.0,5.675959939667409,0.2661179064477726,1005.0053423865728,1033.1418872694453,10.019965649678605,0.09974638178359285,217.20187481069655,261.77778265261776,9.175994196694049,0.016591868509317466,8.337962373611724,72.17428254854977,n2d2
7.9907855843065665,0.17870593433464196,396.80684271649454,440.13373999246716,0.384068920702861,0.21366017724680633,0.9935643546840475,5.905776913796814,0.2629238275761986,1039.3675000364858,1066.6777195529155,10.366311433863583,0.09974638178359285,215.96934256947077,260.5831377999764,10.34716899960273,0.015554876727485123,11.770993501145744,78.43714613828736,n2d2
7.034411341598712,0.18261206141254277,417.86719189685687,460.39621810705796,0.37797559755446375,0.20900905099448452,0.9953362298463516,5.411440527927716,0.2711769067511925,976.2538291290358,1007.1230716403813,9.080963745823182,0.09974638178359285,231.03887295842108,274.5544709091346,7.932081244688879,0.016591868509317466,11.321305342971831,74.58093546724662,n2d2
6.508033346497419,0.17697252733925206,409.87708332059253,451.6128276006946,0.3724733440762106,0.21120141549559318,0.9954199094392409,5.097292876991097,0.25953638349668134,985.2028715305534,1013.4022605306102,8.324349216678376,0.09974638178359285,236.5452962060113,279.18951095717614,7.128812419462876,0.016591868509317466,14.018612854935911,78.16963272939954,n2d2
7.238937866222659,0.17687946560660087,418.04831238354683,460.74204758973565,0.3718734513520197,0.20929705093071574,1.0,5.503151910148829,0.26029800334673453,999.6917605467577,1031.3768646852857,9.345287573278359,0.09974638178359285,216.01477898172251,259.99670945355143,8.435123391751434,0.016591868509317466,12.280894362905368,73.13516874879129,n2d2
6.891628357422175,0.1748902694169783,424.68665192792156,467.0920993117871,0.3854083411163161,0.2164356248813196,1.0,5.370992839419365,0.2540147327671779,1080.0370621937104,1108.580335371069,8.8478745232982,0.09974638178359285,240.61718167226792,283.8826848975407,7.905337642309419,0.015554876727485123,14.10131498540564,77.32534386502972,n2d2
6.951281408271551,0.18047689312079665,393.50306862354535,435.7097688818739,0.38245733254576586,0.2116739689858725,0.992971600654665,5.244860205721513,0.26519942750694364,1013.1292541942277,1041.4120991670404,9.007039333106874,0.09974638178359285,208.35860573517562,252.38830800437245,8.326868973274195,0.016591868509317466,14.474266356090244,75.01555470173595,n2d2
8.086653413375775,0.17624051690100678,427.6605445287616,471.0359668662039,0.3890304385690243,0.21992987509186476,1.0,5.987034028237007,0.2517035973555733,1038.2509070281824,1066.2698703232122,10.707142530608623,0.10203819563043481,254.68410746415196,299.3047505442651,10.333639466848119,0.015554876727485123,12.871260756999568,79.0993821381312,n2d2
8.150152614923606,0.17812939343320264,416.51930384864755,459.5787209039906,0.38961833325077333,0.2192237034596004,0.9949141768575128,6.142948626617049,0.25831576198969214,988.8109013932349,1017.9354266209081,10.688803709042782,0.09974638178359285,234.70255656339054,279.8759174434647,9.913321919017108,0.015554876727485123,9.534790673597847,72.37349052060378,n2d2
9.090324676374417,0.19761396586232421,414.3570483516518,458.78265074276374,0.38806528170599275,0.2185166946488816,1.0,6.690674739593721,0.2926644366096752,1021.2361350214676,1050.1266319818124,11.998592634627764,0.10203819563043481,240.22585800381842,286.6584761535961,11.705174342996429,0.015554876727485123,10.913465153943577,75.46838310366063,n2d2
8.27676279499959,0.17147042882454222,453.8519517492617,498.24103597548304,0.3908112461558873,0.2265036283808691,0.9957157803210619,6.046375656194837,0.2457689249023494,1137.612860371612,1167.4092680745073,11.236589542313657,0.10046837723611693,272.97154916249673,318.62480192088486,9.817304031908506,0.014639883978809528,12.222003634431715,76.25856589836013,n2d2
6.62605528078702,0.16680398519045186,440.6740522107873,483.125845621335,0.3548240157741738,0.20123741045200877,1.0,4.932984877857153,0.23962876124689325,958.3843339365051,991.5192538047405,8.690346266633313,0.10465194154344168,221.61772613760095,265.4272104808683,7.599594834557365,0.016591868509317466,10.673151437003737,70.8568279787392,n2d2
7.9213396079227545,0.1811237469353828,415.56931106456176,458.8332045656922,0.38728528810153295,0.21587725888272946,0.9933930558249335,5.804079194553928,0.2665286740336537,995.438515724848,1025.0400250557316,10.4130263297269,0.09974638178359285,220.28737796568362,264.94341180015505,10.393497649248005,0.015554876727485123,11.717922344497023,78.1884366532326,n2d2
6.608354591427976,0.17719198021640206,394.9329257174595,437.56705242379894,0.367761457948164,0.20725118888154018,0.9934683189631419,4.9246166221566225,0.25981643993007625,1032.5474240714739,1062.1714660671807,8.583798648134463,0.10132965768491972,206.83240116029816,250.92628993965224,8.07716977503456,0.016591868509317466,12.168961879356509,72.28487530124156,n2d2
7.064197448953572,0.17322377059476335,444.5707908091608,487.30495210226474,0.3844756343203057,0.2185194121487418,1.0,5.388522621178324,0.2492790883399356,1104.5673554933342,1135.458951869592,9.254692672588392,0.09974638178359285,251.11238464713958,294.51924930640155,8.251535844329858,0.015554876727485123,10.06949158205471,71.61953228269478,n2d2
7.845133048251362,0.17688206843037657,436.1299424712911,479.1907747238619,0.3892104523872234,0.21966290651223322,1.0,5.798124509135529,0.25519372481204766,1084.4169327344384,1112.8460856086037,10.494084908630617,0.09974638178359285,251.86100952285338,296.0263043811672,9.53137684142937,0.015554876727485123,12.208341226750122,77.86926786784055,n2d2
7.57199015344018,0.17831496741165234,407.25155599240867,449.84982225671473,0.3869564442564239,0.21647062500106432,0.9948954919791132,5.602750676438598,0.25951231774295536,999.6731739025206,1027.813462032611,10.034256982418356,0.09974638178359285,232.10785012873777,276.96734150017164,9.292204764911759,0.015554876727485123,9.18290638452197,70.08536991790022,n2d2
7.102289119275475,0.1752116116106195,419.45155584973946,461.02959187563215,0.38752851673486366,0.21685802242221666,1.0,5.533800259164034,0.25547555146996576,976.5098963040009,1005.6489916342134,9.11750896997872,0.09974638178359285,236.00216406652723,279.18869383329263,8.060220662103262,0.015554876727485123,13.777834489019877,75.02937070464048,n2d2
8.46799578275236,0.18963244141253133,410.3725886779986,453.52805235541524,0.3904305034181376,0.21818234078707538,0.9933999582354501,6.138737845551163,0.27796162841268834,996.3200408739432,1022.5636498395728,11.31986359036697,0.10203819563043481,244.59523520232256,290.1415948862354,11.03607217550109,0.015554876727485123,11.452245475552061,75.69686179209813,n2d2
8.057761519510041,0.17830981011539818,427.3857103516328,470.9645702175871,0.38472053396373956,0.21521981523761977,0.9909479342606681,6.0185562472307765,0.25950277125839977,1008.7176147858014,1039.9477722849656,10.59778966343506,0.09974638178359285,235.04768172168477,279.9177551502629,9.877979918450613,0.015554876727485123,7.8532363798510305,72.26681676109598,n2d2
9.192112790665995,0.1759274096279625,414.2000579699226,458.85109346239653,0.38721721200462483,0.21725965650355022,1.0,6.7468863425073335,0.2535324119923179,1023.5128082853787,1054.9895743654467,12.130134818317664,0.10203819563043481,220.46871293306444,266.9844985594383,11.805730062991486,0.015554876727485123,8.58198438116002,71.29916632457031,n2d2
8.174346561425704,0.17782513968234342,423.87562595201945,466.9467481309118,0.3812996564204955,0.2113225441814278,0.9947984437193389,6.118063047870551,0.2611458090431909,966.15018898164,996.5909344662778,10.563974675820234,0.09974638178359285,223.8063205906857,269.2810426955144,10.182428867595313,0.016591868509317466,12.197348424595368,74.48398987275444,n2d2
7.5454085565852544,0.17784146810869172,398.8698683310116,442.2425788777407,0.37808276480852937,0.20809227338860867,1.0,5.598879338352338,0.26212362173138426,1012.428885740104,1042.9653274356538,9.865416533710102,0.09974638178359285,209.1233262121981,253.80964593587223,9.196114549034542,0.016591868509317466,9.591244905782522,72.26358335495802,n2d2
7.508728593773075,0.17758818477308375,403.25631656340164,446.43992944037245,0.3815356178595449,0.21445330042124672,0.9948338440083515,5.6474791677233975,0.25903343552638475,1068.4209759654723,1096.9845843390983,9.785166620669896,0.09974638178359285,225.2663749472511,269.85560428262653,9.221488775099523,0.015554876727485123,9.7279911620554,72.25564828896273,n2d2
7.561118363006695,0.17674471782244222,407.4479522060789,449.96250097632424,0.3843853615850555,0.2145385470836256,1.0000000000000002,5.727409529398965,0.2601550618669497,1027.458239212852,1055.689361018845,9.72339596126285,0.09974638178359285,216.6504538492666,261.0087925638686,9.34122696112604,0.015554876727485123,10.11089042493007,72.4961468930985,n2d2
7.170713495380971,0.176534881091881,422.1248480854148,464.6219621560545,0.38877912982177704,0.21920841535393623,1.0,5.502476821091231,0.25455721469147247,1063.3614108957188,1090.73772856827,9.42605973762397,0.09974638178359285,253.72821648185283,297.1960856212255,8.15874857214741,0.015554876727485123,13.624674757273894,77.75511247475634,n2d2
7.6571096098878035,0.17117191691136724,429.77156641756693,472.7165291721615,0.3901758272045457,0.22203184106536583,0.9905895029373462,5.620543903465556,0.24421936765191524,1068.9563866716871,1094.9938890047515,10.251955513602265,0.10046837723612043,264.45681744809906,308.8458347273665,9.462227721232658,0.015554876727485123,12.406178116611422,78.1062622338449,n2d2
9.166928305497262,0.20039314150228543,219.3412841646731,257.8789365052969,0.39168614405301805,0.22084930945637077,0.9188695537019896,6.651685946112814,0.29577591234966144,350.5944086661425,378.99865830776275,12.268690062509739,0.10203819563043126,77.22315218815082,123.43635128044338,12.008538081215562,0.015554876727485123,8.498385343289222,76.50092920256962,n2d3
9.589527516568657,0.2408944831763804,230.77049504801445,269.69986736496634,0.3914679371322495,0.22422565729069122,0.9286061006094827,6.8518454728676454,0.3611613730452783,366.29958488210247,395.2495903293176,12.825489961497578,0.10046837723611693,78.86730191797537,125.18705537492386,13.211732601713628,0.07474083811170118,8.267592334380772,78.75906216848433,n2d3
6.797455591858062,0.18222943256388485,155.60431469324757,191.4238095841415,0.37891672797596576,0.2106111310510075,0.8480723387093364,5.074602521362275,0.2704507815497621,264.04837909477965,290.5163789754788,8.863870077834015,0.10132965768491972,46.12047692345764,89.75178037149213,8.244318757960578,0.015554876727485123,8.149672677786224,63.527943685779704,n2d3
7.640765313509426,0.18045916747405635,217.2021998296408,254.76414461660346,0.3833395462937831,0.2121751427739313,0.9029320864628829,5.675959939667409,0.2661179064477726,355.88913193991925,384.2441684714277,10.019965649678605,0.09974638178359285,73.47721843401179,117.47285718820062,9.175994196694049,0.016591868509317466,7.217119977648379,71.77141186759239,n2d3
7.9907855843065665,0.17870593433464196,223.71195267713642,262.11604769018095,0.384068920702861,0.21366017724680633,0.9127079410273752,5.905776913796814,0.2629238275761986,355.01310815847495,383.5691185499197,10.366311433863583,0.09974638178359285,96.13740965605842,140.93939302237578,10.34716899960273,0.015554876727485123,6.483301108640027,74.7086299529972,n2d3
7.034411341598712,0.18261206141254277,182.61462915705062,218.74213522231406,0.37797559755446375,0.20900905099448452,0.8591500258608503,5.411440527927716,0.2711769067511925,302.22169204247996,328.7816798439662,9.080963745823182,0.09974638178359285,60.50613629504503,103.94989474795678,7.932081244688879,0.016591868509317466,9.723138634346151,69.97615605047602,n2d3
6.508033346497419,0.17697252733925206,227.12191950157072,264.16734240944095,0.3724962873811401,0.21121442490567402,0.9146709631812944,5.097292876991097,0.25953638349668134,385.73703230846405,413.857747048402,8.324349216678376,0.09974638178359285,63.01714213601477,106.85419758478106,7.128812419462876,0.016591868509317466,6.968671010717404,66.65756407630377,n2d3
7.238937866222659,0.17687946560660087,230.60296806728698,268.44856031140716,0.3718734513520197,0.20929705093071574,0.9046880332346503,5.503151910148829,0.26029800334673453,371.8489419820361,400.42971724939645,9.345287573278359,0.09974638178359285,92.55496287228635,135.98350834707236,8.435123391751434,0.016591868509317466,10.010737702710989,76.90855591300625,n2d3
6.891628357422175,0.1748902694169783,246.49218867222004,284.21285792234767,0.38530410656690933,0.21637708938162142,0.9452953528522011,5.370992839419365,0.2540147327671779,398.5386452947665,427.1726607313613,8.8478745232982,0.09974638178359285,90.25686986864068,133.19038352850444,7.905337642309419,0.015554876727485123,10.953906273715983,80.34725200259577,n2d3
6.951281408271551,0.18047689312079665,227.57949317074963,265.28394821019765,0.38245733254576586,0.2116739689858725,0.9226732500338665,5.244860205721513,0.26519942750694364,362.31603015125296,390.3412118959684,9.007039333106874,0.09974638178359285,98.05263174711101,140.93884670778732,8.326868973274195,0.016591868509317466,7.737956556721504,78.82806948872945,n2d3
8.086653413375775,0.17624051690100678,217.15115189018405,255.41429314851578,0.3890304385690243,0.21992987509186476,0.9475061527185171,5.987034028237007,0.2517035973555733,351.7084283886716,381.1287289998363,10.707142530608623,0.10203819563043481,69.12816881802634,115.00889255736098,10.333639466848119,0.015554876727485123,10.309254969045618,70.60643264591866,n2d3
8.150152614923606,0.17812939343320264,217.20617272186252,254.8712765473481,0.3876746292758686,0.2181300537325648,0.9222164898601094,6.142948626617049,0.25831576198969214,354.58162152800753,382.8071335356999,10.688803709042782,0.09974638178359285,66.01079235717211,111.64391900919962,9.913321919017108,0.015554876727485123,6.320966894137442,68.1615558316026,n2d3
9.090324676374417,0.19761396586232421,238.8249022350253,277.32273263341585,0.3879684919537474,0.21846219305408918,0.9178369501927612,6.690674739593721,0.2926644366096752,365.96295389305465,394.2145743786442,11.998592634627764,0.10203819563043481,108.07070899057237,154.6951500889504,11.705174342996429,0.015554876727485123,6.959493493285606,73.78775244898385,n2d3
8.27676279499959,0.17147042882454222,305.40490478816565,344.76767071449285,0.3908112461558873,0.2265036283808691,0.9895998199620251,6.046375656194837,0.2457689249023494,490.07773982475805,520.8487583258654,11.236589542313657,0.10046837723611693,105.59911444274225,150.65698028460423,9.817304031908506,0.014639883978809528,8.133108140091615,75.728974741523,n2d3
6.62605528078702,0.16680398519045186,212.25781709902398,249.14190714504468,0.3548240157741738,0.20123741045200877,0.8527666916339277,4.932984877857153,0.23962876124689325,346.3096454763689,373.30416429752984,8.690346266633313,0.10465194154344168,82.7337794634457,126.8874779291996,7.599594834557365,0.016591868509317466,6.474094403674197,67.68343538500567,n2d3
7.9213396079227545,0.1811237469353828,173.6951173765829,211.38136825182,0.38728528810153295,0.21587725888272946,0.8903418596673789,5.804079194553928,0.2665286740336537,276.98954032601785,304.88834148826567,10.4130263297269,0.09974638178359285,70.48396200428849,114.62623324076529,10.393497649248005,0.015554876727485123,8.06876566168797,75.62903464517258,n2d3
6.608354591427976,0.17719198021640206,196.1495443581268,232.72881836085796,0.367761457948164,0.20725118888154018,0.8687010478136973,4.9246166221566225,0.25981643993007625,325.07622126278704,352.19913727033986,8.583798648134463,0.10132965768491972,66.72876986674336,108.80651351847186,8.07716977503456,0.016591868509317466,9.099354923080933,75.90722581628863,n2d3
7.064197448953572,0.1742193095062275,207.908938877183,244.70414583115587,0.38560196117463014,0.2176948107520151,0.924278186899289,5.388522621178324,0.2492790883399356,334.6741045370048,363.2328044890971,9.254692672588392,0.10132965768491972,67.2849169158233,111.22518413368809,8.251535844329858,0.015554876727485123,8.947854244844137,66.5136467334094,n2d3
7.845133048251362,0.17688206843037657,282.8058745841551,322.4220800692979,0.3892104523872234,0.21966290651223322,0.9902252528948255,5.798124509135529,0.25519372481204766,453.82639803733304,484.5027610944776,10.494084908630617,0.09974638178359285,113.64727676065755,156.67693607514968,9.53137684142937,0.015554876727485123,8.138604169843333,83.82886784332942,n2d3
7.57199015344018,0.17831496741165234,211.1792674614911,248.23679498183571,0.3869564442564239,0.21647062500106432,0.9034425220707237,5.602750676438598,0.25951231774295536,347.2107480237329,374.10204113634535,10.034256982418356,0.09974638178359285,67.60095876653608,112.35936581733692,9.292204764911759,0.015554876727485123,7.591167853181719,72.789015823307,n2d3
7.102289119275475,0.1752116116106195,201.36186904673337,238.2283416705988,0.38752851673486366,0.21685802242221666,0.9055684276232002,5.533800259164034,0.25547555146996576,335.76231899102845,363.25130439246453,9.11750896997872,0.09974638178359285,61.80240535453533,106.69192639735387,8.060220662103262,0.015554876727485123,8.332941126913799,65.98233220149783,n2d3
8.46799578275236,0.18963244141253133,224.31143980360258,262.18420518847194,0.3904305034181376,0.21818234078707538,0.9173584939371692,6.138737845551163,0.27796162841268834,365.1283600488663,392.7605686436479,11.31986359036697,0.10203819563043481,69.73310447546999,116.42307650351331,11.03607217550109,0.015554876727485123,6.524317159879558,69.93156191320082,n2d3
8.057761519510041,0.17830981011539818,199.04613876547282,235.794945988085,0.38677766297508265,0.21637061143032554,0.8783535938735881,6.0185562472307765,0.25950277125839977,318.0057719382244,345.2545356643833,10.59778966343506,0.09974638178359285,72.30288892655206,116.85009615549748,9.877979918450613,0.015554876727485123,7.1312932312399795,68.49925597018299,n2d3
9.192112790665995,0.1759274096279625,211.5530302053487,250.58790700092553,0.38636432750456245,0.21678112045769252,0.9178963879725006,6.7468863425073335,0.2535324119923179,342.5798903624179,371.2357310929547,12.130134818317664,0.10203819563043481,75.25582680918374,121.71950526936797,11.805730062991486,0.015554876727485123,6.926603753237085,76.53947650339336,n2d3
8.174346561425704,0.17782513968234342,178.83906063947447,216.6096829886784,0.3812996564204955,0.2113225441814278,0.8835412522545004,6.118063047870551,0.2611458090431909,297.9927066728725,325.8983464481055,10.563974675820234,0.09974638178359285,58.88580161346589,102.80804418520032,10.182428867595313,0.016591868509317466,7.492061892295904,75.57500471613643,n2d3
7.5454085565852544,0.17784146810869172,219.52663975591616,257.4412752432787,0.37808276480852937,0.20809227338860867,0.9055783305540093,5.598879338352338,0.26212362173138426,353.3037080881017,381.41791527802377,9.865416533710102,0.09974638178359285,89.55446117083603,134.45394871782287,9.196114549034542,0.016591868509317466,7.086076614394559,71.38779888601964,n2d3
7.508728593773075,0.17758818477308375,197.9458444040985,235.09042895931145,0.38537115682507517,0.2166091777536615,0.887784292362393,5.6474791677233975,0.25903343552638475,326.10808634635765,353.87630453948213,9.785166620669896,0.09974638178359285,63.878276854332356,107.84764961739467,9.221488775099523,0.015554876727485123,9.538163759029748,73.1967590424762,n2d3
7.561118363006695,0.17674471782244222,195.19062168634366,232.4332808715459,0.3843853615850555,0.2145385470836256,0.8914092604001335,5.727409529398965,0.2601550618669497,318.34969615815,345.75624672797323,9.72339596126285,0.09974638178359285,69.73813353016521,113.30723171557226,9.34122696112604,0.015554876727485123,7.768440005816183,75.48948535935591,n2d3
7.170713495380971,0.176534881091881,212.25559967980078,249.3182747999561,0.38877912982177704,0.21920841535393623,0.9321946994357971,5.502476821091231,0.25455721469147247,345.9898471809147,374.85879929099025,9.42605973762397,0.09974638178359285,66.318781460374,110.56145860590748,8.15874857214741,0.015554876727485123,10.314168488464531,66.79495819132435,n2d3
7.6571096098878035,0.17117191691136724,291.023297608899,329.1902140903583,0.390268662134678,0.22208466932640936,0.9692552679122559,5.620543903465556,0.24421936765191524,459.9876229107029,489.24176345212163,10.251955513602265,0.10046837723612043,105.43940978392953,149.38842152059067,9.462227721232658,0.015554876727485123,9.012626766590131,78.08486636373985,n2d3
9.166928305497262,0.20039314150228543,84.2127459392849,123.48255435995252,0.39168614405301805,0.22084930945637077,0.7115360228311827,6.651685946112814,0.29577591234966144,139.47655439314812,168.31635281636457,12.268690062509739,0.10203819563043126,23.484697758000525,70.22218121220045,12.008538081215562,0.015554876727485123,5.904052026342505,75.92759342306603,n2d4
9.589527516568657,0.2408944831763804,88.83292567129614,128.05890218684587,0.3914679371322495,0.22422565729069122,0.7063586467314578,6.8518454728676454,0.3611613730452783,145.40443597456343,173.24905222458113,12.825489961497578,0.10046837723611693,23.768895480353226,72.43559900342298,13.211732601713628,0.07474083811170118,6.1242652215102,76.58683031676703,n2d4
6.797455591858062,0.18222943256388485,57.504602941863766,94.51229117268439,0.3789648273826195,0.21057439624396165,0.6733734472596271,5.074602521362275,0.2704507815497621,95.16954960722482,122.78823050948932,8.863870077834015,0.10132965768491972,18.346695050598,61.99337531528388,8.244318757960578,0.015554876727485123,3.51112542608577,67.09128962029835,n2d4
7.640765313509426,0.18045916747405635,64.6501186532629,102.45397698157267,0.3833395462937831,0.2121751427739313,0.6876482770568322,5.675959939667409,0.2661179064477726,108.75300266906463,136.4334342397434,10.019965649678605,0.09974638178359285,16.43206499424944,60.7235173748075,9.175994196694049,0.016591868509317466,5.488832194028964,76.11046093150729,n2d4
7.9907855843065665,0.17870593433464196,65.28687118903026,103.4406450558943,0.384068920702861,0.21366017724680633,0.6847159052425198,5.905776913796814,0.2629238275761986,108.006528489364,136.3063731902339,10.366311433863583,0.09974638178359285,19.465237250758257,65.69731937812736,10.34716899960273,0.015554876727485123,4.474565523654845,67.28446580832947,n2d4
7.034411341598712,0.18261206141254277,70.52790783447536,107.91893439062946,0.37797559755446375,0.20900905099448452,0.6814627604860334,5.411440527927716,0.2711769067511925,122.02545941819609,149.6768928032856,9.080963745823182,0.09974638178359285,15.85565158383745,60.15561395875304,7.932081244688879,0.016591868509317466,4.898755007155819,69.11258530528227,n2d4
6.508033346497419,0.17697252733925206,62.738776207060766,100.01526024609508,0.3724733440762106,0.21120141549559318,0.6957850761656442,5.097292876991097,0.25953638349668134,106.05751059865219,134.36413991021846,8.324349216678376,0.09974638178359285,16.769765091801403,59.32352293572388,7.128812419462876,0.016591868509317466,4.55996341991989,71.69705489773894,n2d4
7.238937866222659,0.17687946560660087,69.31622562907968,106.96609364351188,0.3718734513520197,0.20929705093071574,0.6801149195062116,5.503151910148829,0.26029800334673453,116.95019366257145,145.7782809489113,9.345287573278359,0.09974638178359285,18.79917841990154,62.02887720533123,8.435123391751434,0.016591868509317466,5.018604034996527,70.18338103703469,n2d4
6.891628357422175,0.1748902694169783,89.61315941935797,127.83232602347009,0.38530410656690933,0.21637708938162142,0.737419691857709,5.370992839419365,0.2540147327671779,150.75460453251506,180.81914502805552,8.8478745232982,0.09974638178359285,22.103931121679093,65.16084319664083,7.905337642309419,0.015554876727485123,6.727766469634715,73.77728412345634,n2d4
6.951281408271551,0.18047689312079665,58.32482423095775,95.05043792499724,0.38245733254576586,0.2116739689858725,0.664692651180182,5.244860205721513,0.26519942750694364,97.6251033460018,124.05980056462882,9.007039333106874,0.09974638178359285,16.955091078539112,61.5062138375724,8.326868973274195,0.016591868509317466,4.274048206352344,67.9841998788376,n2d4
8.086653413375775,0.17624051690100678,76.23810476321405,113.63146079278903,0.3890304385690243,0.21992987509186476,0.6888160698571092,5.987034028237007,0.2517035973555733,125.91893097857967,153.47266975866765,10.707142530608623,0.10203819563043481,19.35564926199634,65.13103282948242,10.333639466848119,0.015554876727485123,5.6829694758910065,68.58591885074341,n2d4
8.150152614923606,0.17812939343320264,67.73221977903377,105.06057890388594,0.38826486162452106,0.21846215545964134,0.6832077029114295,6.142948626617049,0.25831576198969214,110.92620082882904,138.60796014161568,10.688803709042782,0.09974638178359285,19.14051242224453,64.43377727343382,9.913321919017108,0.015554876727485123,4.374556589284103,68.17134343737547,n2d4
9.090324676374417,0.19761396586232421,69.74573444984107,108.16260957618333,0.3879684919537474,0.21846219305408918,0.6859177707339017,6.690674739593721,0.2926644366096752,115.31750108841813,143.23270158369368,11.998592634627764,0.10203819563043481,18.36786122679624,65.50393925240445,11.705174342996429,0.015554876727485123,4.674862925468879,70.56861957670631,n2d4
8.27676279499959,0.17147042882454222,77.67746508598945,115.83867932083834,0.3908112461558873,0.2265036283808691,0.7108539013048575,6.046375656194837,0.2457689249023494,126.66565740324174,155.58024058845075,11.236589542313657,0.10046837723611693,23.140979534537262,68.70569341701963,9.817304031908506,0.014639883978809528,4.956015408112762,68.40510290966454,n2d4
6.62605528078702,0.16680398519045186,61.53985929293798,98.95127891393672,0.3548240157741738,0.20123741045200877,0.6570791108408255,4.932984877857153,0.23962876124689325,104.25620874605568,131.72905394304843,8.690346266633313,0.10465194154344168,17.34693196031441,61.2426565993752,7.599594834557365,0.016591868509317466,4.79552494638887,70.60059801303859,n2d4
7.9213396079227545,0.1811237469353828,59.39794219006419,96.55899460905896,0.38728528810153295,0.21587725888272946,0.6600006455620151,5.804079194553928,0.2665286740336537,98.85617498669026,125.57204907007183,10.4130263297269,0.09974638178359285,16.421798153303712,61.55316261439479,10.393497649248005,0.015554876727485123,6.013426633818737,71.83888435354883,n2d4
6.608354591427976,0.17719198021640206,62.97483661488155,100.09793839427734,0.367761457948164,0.20725118888154018,0.6733371866688165,4.9246166221566225,0.25981643993007625,104.89907173775583,131.73354970087988,8.583798648134463,0.10132965768491972,19.98722914448252,63.45118724548179,8.07716977503456,0.016591868509317466,3.086281796243596,72.30271240521769,n2d4
7.064197448953572,0.17322377059476335,68.13211151015679,105.35576371683214,0.3842899126790363,0.21865538184901587,0.697102948920199,5.388522621178324,0.2492790883399356,113.41037008370644,142.30286623037088,9.254692672588392,0.09974638178359285,17.62397363963106,61.25710737312244,8.251535844329858,0.015554876727485123,3.828026416594284,64.2391897102461,n2d4
7.845133048251362,0.17688206843037657,105.12544223403202,144.07481792870482,0.3892104523872234,0.21966290651223322,0.7379016474591035,5.798124509135529,0.25519372481204766,176.8411460003603,206.17370849470913,10.494084908630617,0.09974638178359285,24.999456203310658,70.24507270061916,9.53137684142937,0.015554876727485123,4.299626729738641,74.56281676577176,n2d4
7.57199015344018,0.17831496741165234,68.830526098123,106.6132081209275,0.3869564442564239,0.21647062500106432,0.7072834363519427,5.602750676438598,0.25951231774295536,115.925514429788,142.77735992179194,10.034256982418356,0.09974638178359285,17.021930163667346,62.73978019719323,9.292204764911759,0.015554876727485123,4.170939539699702,74.41064633694955,n2d4
7.102289119275475,0.1752116116106195,79.42495159606769,117.12767935242853,0.38752851673486366,0.21685802242221666,0.7094154419876633,5.533800259164034,0.25547555146996576,135.2706662434145,163.16239619483056,9.11750896997872,0.09974638178359285,19.00782732790215,64.20393326610112,8.060220662103262,0.015554876727485123,5.85344156598303,69.79634272250678,n2d4
8.46799578275236,0.18963244141253133,66.12217224947545,103.85806230086543,0.3904305034181376,0.21818234078707538,0.6838559799334665,6.138737845551163,0.27796162841268834,108.35915654435762,135.98641919223485,11.31986359036697,0.10203819563043481,19.17289111182472,66.02187895522233,11.03607217550109,0.015554876727485123,3.137202549215317,64.44067664093248,n2d4
8.057761519510041,0.17830981011539818,57.53338593221573,94.64213249854278,0.38677766297508265,0.21637061143032554,0.669636134379845,6.0185562472307765,0.25950277125839977,92.804504176941,119.46884387708968,10.59778966343506,0.09974638178359285,19.10140600152378,65.93831440134718,9.877979918450613,0.015554876727485123,4.043485967222644,63.600475538362154,n2d4
9.192112790665995,0.1759274096279625,60.59354622702589,99.2783269980329,0.38636432750456245,0.21678112045769252,0.6867913925887983,6.7468863425073335,0.2535324119923179,101.75549706505556,130.49025475215177,12.130134818317664,0.10203819563043481,14.384856416950129,60.15935988103443,11.805730062991486,0.015554876727485123,3.6018442939046054,72.38411991057887,n2d4
8.174346561425704,0.17782513968234342,67.1115422144692,105.3942229164533,0.3812996564204955,0.2113225441814278,0.6764999502300266,6.118063047870551,0.2611458090431909,113.32008415735936,141.48877548637682,10.563974675820234,0.09974638178359285,18.245372202689218,63.341653276882035,10.182428867595313,0.016591868509317466,4.3399129951820665,72.6666104970964,n2d4
7.5454085565852544,0.17784146810869172,52.5335578381166,89.61754196104748,0.37808276480852937,0.20809227338860867,0.663226163859513,5.598879338352338,0.26212362173138426,86.98263980162616,113.71139161063508,9.865416533710102,0.09974638178359285,17.379214468337526,62.44927179278376,9.196114549034542,0.016591868509317466,2.7207474941515026,65.7911667113645,n2d4
7.508728593773075,0.17758818477308375,58.69493209293319,95.86604583798093,0.3839051369753958,0.21578515823744812,0.6833342176860647,5.6474791677233975,0.25903343552638475,96.42770910118256,123.72153576256461,9.785166620669896,0.09974638178359285,17.01973976565927,61.9303962150821,9.221488775099523,0.015554876727485123,2.565868571489159,67.95411336326382,n2d4
7.561118363006695,0.17674471782244222,69.1288368623669,107.11620515958072,0.3843853615850555,0.2145385470836256,0.6917506541739786,5.727409529398965,0.2601550618669497,118.31428185547591,146.40400190257265,9.72339596126285,0.09974638178359285,16.52964647469794,61.38918807543914,9.34122696112604,0.015554876727485123,4.769855530544396,71.30045580362308,n2d4
7.170713495380971,0.176534881091881,79.46290141305163,117.27587193030593,0.38877912982177704,0.21920841535393623,0.7224971527861179,5.502476821091231,0.25455721469147247,135.45040296862555,163.6358599595859,9.42605973762397,0.09974638178359285,17.151390993454704,61.72900804064007,8.15874857214741,0.015554876727485123,3.2815902996657016,69.99589706877964,n2d4
7.6571096098878035,0.17117191691136724,75.92234337325053,113.16035352932091,0.3891354458659171,0.22143980596754653,0.6966746905691115,5.620543903465556,0.24421936765191524,124.26715609556392,151.60663384886126,10.251955513602265,0.10046837723612043,21.31413001137884,66.85687791791537,9.462227721232658,0.015554876727485123,4.286320486857015,67.69657405770053,n2d4
9.166928305497262,0.0,448.00972626919844,492.139746516657,0.39168614405301805,0.14760572973747063,1.0,6.651685946112814,0.0,1037.6344443221908,1066.5839002003281,12.268690062509739,0.0,262.64017888218274,309.0035193911469,12.008538081215562,0.0,10.238479711276874,75.79634765135597,n3d2
9.589527516568657,0.0,424.78714328577473,469.46224252402914,0.39217819074773647,0.14997887885838249,0.995552489908311,6.8518454728676454,0.0,978.6528500023566,1007.2738218585397,12.825489961497578,0.0,259.22509297427905,306.5616133731986,13.211732601713628,0.0,13.920537768379134,79.05482416673678,n3d2
6.797455591858062,0.0,410.3801975372008,453.00340798524644,0.37905318719220166,0.1405902581252978,0.9937765916724608,5.074602521362275,0.0,994.9798208838392,1026.9264784223558,8.863870077834015,0.0,214.56817532565208,257.6027806530344,8.244318757960578,0.0,11.564001095217225,74.55165538836367,n3d2
7.640765313509426,0.0,401.561208648999,444.25915211361774,0.3833395462937831,0.14182389094143102,1.0,5.675959939667409,0.0,1005.3187785145736,1033.1418872694453,10.019965649678605,0.0,217.30320446838147,261.77778265261776,9.175994196694049,0.0,8.180191134148247,72.17428254854977,n3d2
7.9907855843065665,0.0,392.09298550784075,435.17767910701275,0.384068920702861,0.1428126616236036,0.9936542541228726,5.905776913796814,0.0,940.345038949965,970.8891960475039,10.366311433863583,0.0,206.72851744209933,251.54691008156092,10.34716899960273,0.0,13.37700191180714,75.81772414255927,n3d2
7.034411341598712,0.0,393.35224972053925,435.52449260055135,0.37797559755446375,0.13971172067125529,0.9954260834074323,5.411440527927716,0.0,953.0085258417805,982.7489868741977,9.080963745823182,0.0,217.73309817504844,261.6500466716323,7.932081244688879,0.0,11.640133969118287,71.34817695471881,n3d2
6.508033346497419,0.0,382.6179056159385,423.8869207567631,0.3724733440762106,0.14117470252101857,0.9955101021689977,5.097292876991097,0.0,895.4017755748715,925.0021195236901,8.324349216678376,0.0,217.76308491041434,261.1605625140684,7.128812419462876,0.0,15.254821330678874,71.6995479244319,n3d2
7.238937866222659,0.0,418.1934707526184,460.702209898343,0.3718734513520197,0.13990423370575128,1.0,5.503151910148829,0.0,1000.0606687463387,1031.2411675489795,9.345287573278359,0.0,216.1177429887249,259.99670945355143,8.435123391751434,0.0,12.123123123441891,73.13516874879129,n3d2
6.891628357422175,0.0,424.8019445019074,467.0920993117871,0.3854083411163161,0.14466288059911978,1.0,5.370992839419365,0.0,1080.3382906990057,1108.580335371069,8.8478745232982,0.0,240.7169280540515,283.8826848975407,7.905337642309419,0.0,13.95340444840863,77.32534386502972,n3d2
6.951281408271551,0.0,411.0744301484322,452.42403848325415,0.3821220557479052,0.14138406218993682,0.9930576596677286,5.244860205721513,0.0,923.426614531592,952.8511504621374,9.007039333106874,0.0,205.35438001152863,249.5049754977459,8.326868973274195,0.0,11.296585911632352,70.29722680780966,n3d2
8.086653413375775,0.0,427.78338996796157,471.0359668662039,0.3890304385690243,0.14699232742894455,1.0,5.987034028237007,0.0,1038.5690545090242,1066.2698703232122,10.707142530608623,0.0,254.7861456597824,299.3047505442651,10.333639466848119,0.0,12.723350220002558,79.0993821381312,n3d2
8.150152614923606,0.0,390.34599683320306,433.12817041446516,0.3876746292758686,0.14579122579083828,0.995029121523789,6.142948626617049,0.0,921.0340874078295,950.342762058794,10.688803709042782,0.0,222.35706447585386,267.653778901147,9.913321919017108,0.0,10.343387703664515,70.2420848063438,n3d2
9.090324676374417,0.0,414.47721218117783,458.78265074276374,0.38806528170599275,0.14605037284240885,1.0,6.690674739593721,0.0,1021.5442033487071,1050.1266319818124,11.998592634627764,0.0,240.3278961994489,286.6584761535961,11.705174342996429,0.0,10.765554616946567,75.46838310366063,n3d2
8.27676279499959,0.0,419.9366407114755,464.53786935893095,0.3908112461558873,0.1513744297050402,0.9958055512187813,6.046375656194837,0.0,1133.5466388164498,1161.6369950643982,11.236589542313657,0.0,263.12570128991575,308.5928754069886,9.817304031908506,0.0,11.565342407965854,76.49128984309405,n3d2
6.62605528078702,0.0,440.8358793968012,483.1126399765062,0.3548240157741738,0.1345309269389681,1.0,4.932984877857153,0.0,958.756868818109,991.4799937795741,8.690346266633313,0.0,221.72779111060353,265.4272104808683,7.599594834557365,0.0,10.51538019754026,70.8568279787392,n3d2
7.9213396079227545,0.0,396.26153629716464,439.2074398460764,0.38728528810153295,0.1442999948838121,0.9934830110940548,5.804079194553928,0.0,942.9571157479747,973.3045072304556,10.4130263297269,0.0,213.2102876847533,257.7716766193064,10.393497649248005,0.0,10.996294215058068,73.92628586028597,n3d2
6.608354591427976,0.0,391.21228496539396,433.30665562214756,0.36671163076216695,0.13876929808005065,0.9935473410747135,4.9246166221566225,0.0,944.8188384145811,975.1771012431362,8.583798648134463,0.0,205.4442877480538,248.04359440459714,8.07716977503456,0.0,14.933129668745103,79.19505437131187,n3d2
7.064197448953572,0.0,444.70883513587785,487.30495210226474,0.3844756343203057,0.14605063818497585,1.0,5.388522621178324,0.0,1104.9429274741356,1135.458951869592,9.254692672588392,0.0,251.2137143048245,294.51924930640155,8.251535844329858,0.0,9.9215810450577,71.61953228269478,n3d2
7.845133048251362,0.0,436.2530933816439,479.19077472386186,0.3892104523872234,0.14681479841094383,1.0,5.798124509135529,0.0,1084.7440737189224,1112.8460856086037,10.494084908630617,0.0,251.960755904637,296.0263043811672,9.53137684142937,0.0,12.050569987286645,77.86926786784055,n3d2
7.57199015344018,0.0,417.11621700523676,459.82991216737844,0.38706629960556016,0.14472735008444793,0.9949839631527766,5.602750676438598,0.0,975.1074401661181,1006.2209123395294,10.034256982418356,0.0,224.33109112427042,268.66943018743996,9.292204764911759,0.0,12.08539647675503,73.38776823638314,n3d2
7.102289119275475,0.0,419.5852990706088,461.02959187563215,0.38752851673486366,0.1449458585854472,1.0,5.533800259164034,0.0,976.8482806063233,1005.6489916342134,9.11750896997872,0.0,236.10191044831086,279.18869383329263,8.060220662103262,0.0,13.6200632495564,75.02937070464048,n3d2
8.46799578275236,0.0,388.77916533872667,431.8343916326536,0.3904305034181376,0.14582771205683187,0.9934899239724362,6.138737845551163,0.0,940.6518900825133,967.7753468795995,11.31986359036697,0.0,233.4042998257772,279.13396950744016,11.03607217550109,0.0,10.009313792411767,71.24309874841805,n3d2
8.057761519510041,0.0,415.40701140407674,458.7464125139815,0.38729030541371073,0.1448111077431493,0.9909774426284728,6.0185562472307765,0.0,954.3539502211452,986.6215949282501,10.59778966343506,0.0,224.42048337075232,269.6388811177277,9.877979918450613,0.0,8.66980302757234,69.08813299899006,n3d2
9.192112790665995,0.0,414.3367625977335,458.85109346239653,0.38721721200462483,0.14521185732752898,1.0,6.7468863425073335,0.0,1023.8679804711403,1054.9895743654467,12.130134818317664,0.0,220.5707511286948,266.9844985594383,11.805730062991486,0.0,8.43407384416301,71.29916632457031,n3d2
8.174346561425704,0.0,403.3984457620855,446.8874796223029,0.3812996564204955,0.141435974050197,0.9948884586886092,6.118063047870551,0.0,937.8926995077574,969.3377519067109,10.563974675820234,0.0,225.33398874293619,269.8117413647353,10.182428867595313,0.0,11.014757251746095,76.0449994306818,n3d2
7.5454085565852544,0.0,398.9887088323851,442.2425788777407,0.37808276480852937,0.13910076383670358,1.0,5.598879338352338,0.0,1012.7288420781999,1042.9653274356538,9.865416533710102,0.0,209.22465586988304,253.80964593587223,9.196114549034542,0.0,9.433473666319044,72.26358335495802,n3d2
7.508728593773075,0.0,410.59435118750883,453.47281960569575,0.3849009680003261,0.14460223741629738,0.9948781183123169,5.6474791677233975,0.0,983.2178464189249,1014.8111127092591,9.785166620669896,0.0,218.24880615982912,262.30038643482453,9.221488775099523,0.0,9.671886811920729,71.62017584714445,n3d2
7.561118363006695,0.0,407.55858648139986,449.96250097632424,0.3843853615850555,0.1433984596505141,1.0000000000000002,5.727409529398965,0.0,1027.7279174065466,1055.689361018845,9.72339596126285,0.0,216.7517835069515,261.0087925638686,9.34122696112604,0.0,9.953119185466592,72.4961468930985,n3d2
7.170713495380971,0.0,422.2486188965046,464.6219621560545,0.38877912982177704,0.1465113911015834,1.0,5.502476821091231,0.0,1063.703124856623,1090.73772856827,9.42605973762397,0.0,253.82796286363646,297.1960856212255,8.15874857214741,0.0,13.476764220276884,77.75511247475634,n3d2
7.6571096098878035,0.0,412.9242298128471,455.50575916862186,0.39011163188661285,0.14836869241633346,0.9906807758214085,5.620543903465556,0.0,1023.379962230986,1049.18823355066,10.251955513602265,0.0,255.9152964460662,300.26444549533727,9.462227721232658,0.0,10.815914824360206,74.63183834207112,n3d2
9.166928305497262,0.0,221.97496389511556,260.76819007103245,0.39168614405301805,0.14760572973747063,0.9324845616901052,6.651685946112814,0.0,358.71507732644386,387.27128969369164,12.268690062509739,0.0,78.8406379600485,125.55813889056272,12.008538081215562,0.0,8.256615405247338,74.21557196262016,n3d3
9.589527516568657,0.0,254.0886291527479,293.57380115283473,0.39263051487075307,0.1501518590659797,0.9630128874091834,6.8518454728676454,0.0,400.48584730730147,430.2234749971721,12.825489961497578,0.0,91.46912269266215,139.6154407453947,13.211732601713628,0.0,7.883693796450366,72.42799048602845,n3d3
6.797455591858062,0.0,179.74848660646583,216.28800608697696,0.37891672797596576,0.14077964572792295,0.8815460874276576,5.074602521362275,0.0,299.38115618154364,325.9473924318477,8.863870077834015,0.0,60.944916154213054,103.40064955701432,8.244318757960578,0.0,8.780532885491448,76.32233998154508,n3d3
7.640765313509426,0.0,207.8524930591644,245.18970389146943,0.3833395462937831,0.14182389094143102,0.9039717307628053,5.675959939667409,0.0,347.3206652666764,375.6453158954152,10.019965649678605,0.0,58.679128614580385,103.32675163587872,9.175994196694049,0.0,6.869468628513361,66.97747214153813,n3d3
7.9907855843065665,0.0,162.59271241476165,199.69151147362155,0.384068920702861,0.1428126616236036,0.8783742094265237,5.905776913796814,0.0,255.43712753075764,283.3474470326954,10.366311433863583,0.0,68.34940812576892,113.12056717179965,10.34716899960273,0.0,7.630986685155161,67.12526047361749,n3d3
7.034411341598712,0.0,195.30134391403334,231.55516462890665,0.37797559755446375,0.13971172067125529,0.8722656529860363,5.411440527927716,0.0,323.73156352131826,351.215979663708,9.080963745823182,0.0,61.40697923278756,104.88304535043252,7.932081244688879,0.0,4.20038721252735,61.56795072766308,n3d3
6.508033346497419,0.0,256.004564504909,294.18227506412643,0.3724733440762106,0.14117470252101857,0.9544668255777994,5.097292876991097,0.0,421.3654887854986,451.7231249188565,8.324349216678376,0.0,92.57508148718335,134.64465620926123,7.128812419462876,0.0,5.3631555893492076,71.5087917444222,n3d3
7.238937866222659,0.0,192.47611607763253,228.72508956701935,0.3718734513520197,0.13990423370575128,0.860957436487412,5.503151910148829,0.0,321.4883184038951,348.4880945765381,9.345287573278359,0.0,60.3799802606545,104.0249594917097,8.435123391751434,0.0,7.609926505034809,65.82440716207789,n3d3
6.891628357422175,0.0,202.03827581045152,237.9118340132485,0.38530410656690933,0.14462375619892787,0.8939923616692181,5.370992839419365,0.0,336.4213159496936,363.26423425109573,8.8478745232982,0.0,55.374435710011696,98.27396958706709,7.905337642309419,0.0,7.592215402865357,67.85246533548555,n3d3
6.951281408271551,0.0,159.96448675686523,195.76799243370436,0.3821220557479052,0.14138406218993682,0.8565422019720663,5.244860205721513,0.0,260.57489377527605,286.7668772960444,9.007039333106874,0.0,56.4899931030175,99.19711199512355,8.326868973274195,0.0,4.309638928349288,67.5055657500153,n3d3
8.086653413375775,0.0,202.97044015636314,239.91073086367413,0.3890304385690243,0.14699232742894455,0.900769223606854,5.987034028237007,0.0,332.3998182595487,359.9584337567865,10.707142530608623,0.0,60.07083015212269,105.51505286398339,10.333639466848119,0.0,6.0819476856616745,64.710206934582,n3d3
8.150152614923606,0.0,217.59615886411018,255.08416430518656,0.3876746292758686,0.14579122579083828,0.921886926413359,6.142948626617049,0.0,357.6427116415831,386.77265472018127,10.688803709042782,0.0,62.482290781509604,106.11818826364224,9.913321919017108,0.0,6.525224078266852,69.04765663233347,n3d3
9.090324676374417,0.0,190.70195823922342,228.585054683615,0.3879684919537474,0.14601394551930327,0.900564748883748,6.690674739593721,0.0,302.5756944786975,330.3363439505702,11.998592634627764,0.0,71.26336329449134,117.91218530032654,11.705174342996429,0.0,4.2060290962756,67.12825219422342,n3d3
8.27676279499959,0.0,260.24800762040894,298.96251518116054,0.39125930272787407,0.15154797718794205,0.9813280535227196,6.046375656194837,0.0,426.93978737237177,457.1816027259138,11.236589542313657,0.0,67.97939061300907,112.93868200463744,9.817304031908506,0.0,6.736772340770834,72.22814007365535,n3d3
6.62605528078702,0.0,202.9897284163436,239.71809944100468,0.3548240157741738,0.1345309269389681,0.8529104763789223,4.932984877857153,0.0,341.4920170398884,368.8302097703554,8.690346266633313,0.0,65.31814602265662,109.32429893927574,7.599594834557365,0.0,5.763699423949576,64.0879056694269,n3d3
7.9213396079227545,0.0,177.23022570886945,214.55479695169802,0.38728528810153295,0.1442999948838121,0.883011464725883,5.804079194553928,0.0,287.2222877534495,315.1197919766969,10.4130263297269,0.0,65.87739611894324,110.39621746795575,10.393497649248005,0.0,7.048867964352212,68.98343193567183,n3d3
6.608354591427976,0.0,195.97641152645755,232.56895560350725,0.367761457948164,0.1385392547241597,0.8755792142278419,4.9246166221566225,0.0,309.93809880421674,336.4154613450349,8.583798648134463,0.0,87.26100111084689,130.38114692615744,8.07716977503456,0.0,7.147992488863376,73.40479931733216,n3d3
7.064197448953572,0.0,207.41721079306694,244.24912948757427,0.38560196117463014,0.14550199085841958,0.9323947991834748,5.388522621178324,0.0,333.5485260513766,362.3605905180456,9.254692672588392,0.0,67.5675882907861,111.70766452921882,8.251535844329858,0.0,9.170415049584847,64.84434789267488,n3d3
7.845133048251362,0.0,215.86452225822126,253.4827900125029,0.3892104523872234,0.14681479841094383,0.9370343748593367,5.798124509135529,0.0,353.1946634408484,382.01654085268945,10.494084908630617,0.0,66.14727053961447,110.11593541685951,9.53137684142937,0.0,7.918949684714093,71.81442220897847,n3d3
7.57199015344018,0.0,216.5822817442864,253.4094850564033,0.3869564442564239,0.14468627424398003,0.901232248574808,5.602750676438598,0.0,358.64701737488093,385.9317227791222,10.034256982418356,0.0,65.64282160797737,109.986762996593,9.292204764911759,0.0,8.202231208971307,70.2130061752805,n3d3
7.102289119275475,0.0,206.01054778445007,242.634706111073,0.38752851673486366,0.1449458585854472,0.9033380149774226,5.533800259164034,0.0,344.8202745803558,372.7827859066876,9.11750896997872,0.0,59.36465298083371,102.05059554493424,8.060220662103262,0.0,7.572908756991319,69.55256902125203,n3d3
8.46799578275236,0.0,228.35451463248543,266.12901116857296,0.3904305034181376,0.14582771205683187,0.9197309225742162,6.138737845551163,0.0,370.49689309219434,398.1958249725281,11.31986359036697,0.0,74.5636898007769,119.43227403956821,11.03607217550109,0.0,8.43134050853083,77.02342858635622,n3d3
8.057761519510041,0.0,264.3887801481716,303.4067419638303,0.3841870815630881,0.14365078620372013,0.9558427753540909,6.0185562472307765,0.0,416.87603795100495,446.4295310307921,10.59778966343506,0.0,109.65018289480616,154.0967171592306,9.877979918450613,0.0,9.683248278864069,82.32611339501801,n3d3
9.192112790665995,0.0,208.4838204685412,246.81529257071213,0.38636432750456245,0.14489201373974334,0.9082283526698807,6.7468863425073335,0.0,341.9583154961482,370.3309321329407,12.130134818317664,0.0,62.95758850865218,108.8994179009788,11.805730062991486,0.0,6.426090020906713,72.82440882155235,n3d3
8.174346561425704,0.0,202.90822120941704,240.61986168658535,0.3812996564204955,0.141435974050197,0.885517906930115,6.118063047870551,0.0,335.0529741832178,363.2756119952834,10.563974675820234,0.0,66.99748204370316,110.92545068779017,10.182428867595313,0.0,7.293758457370215,73.93303609107679,n3d3
7.5454085565852544,0.0,195.95678137209558,233.4239256960381,0.37808276480852937,0.13910076383670358,0.8877786717492454,5.598879338352338,0.0,326.60038554467127,354.2837314263581,9.865416533710102,0.0,64.1772635070018,107.5735926047685,9.196114549034542,0.0,9.116999427560351,77.12309220755759,n3d3
7.508728593773075,0.0,213.97952411248315,250.95286811928304,0.38537115682507517,0.14477888118110807,0.8878552828799066,5.6474791677233975,0.0,356.30349683000964,383.8948330423542,9.785166620669896,0.0,64.13983089504818,107.52160516628817,9.221488775099523,0.0,8.839977049548649,74.13726484184092,n3d3
7.561118363006695,0.0,198.89993505757855,235.82896049794653,0.3843853615850555,0.1433984596505141,0.8873246832833188,5.727409529398965,0.0,334.54984718939437,362.2280918875042,9.72339596126285,0.0,61.83040771086151,106.77000158033192,9.34122696112604,0.0,6.003755514493696,61.792165246307164,n3d3
7.170713495380971,0.0,206.78198616737131,243.73344165673825,0.38877912982177704,0.1465113911015834,0.9345348730054278,5.502476821091231,0.0,342.44110063824644,371.78548960987996,9.42605973762397,0.0,57.696563193537195,100.43751180666943,8.15874857214741,0.0,6.126380546316206,64.61137933230731,n3d3
7.6571096098878035,0.0,241.0430764170766,278.51164037163295,0.3891354458659171,0.1479974257541596,0.9455668792290267,5.620543903465556,0.0,391.3237065820049,420.01522469447065,10.251955513602265,0.0,72.05076061286209,115.56607340768954,9.462227721232658,0.0,5.936019259057147,72.4284282702022,n3d3
9.166928305497262,0.0,101.98724644891307,141.28330431086337,0.39168614405301805,0.14760572973747063,0.7181058515653086,6.651685946112814,0.0,163.97519296423246,193.2337058432431,12.268690062509739,0.0,33.84256035413323,81.36762261647827,12.008538081215562,0.0,6.512558393323438,72.49052198989871,n3d4
9.589527516568657,0.0,78.6624636535037,117.38609831864564,0.3914679371322495,0.1497072598763255,0.6974112201027248,6.8518454728676454,0.0,128.7364195491829,157.52486215897932,12.825489961497578,0.0,20.62598044824528,67.50886157529727,13.211732601713628,0.0,4.105416613502392,71.04511676999569,n3d4
6.797455591858062,0.0,52.291183037803,88.60361194965179,0.37891672797596576,0.14077964572792295,0.6592621428521193,5.074602521362275,0.0,86.2429244585618,113.7208408662639,8.863870077834015,0.0,16.89894829900977,59.8617895445172,8.244318757960578,0.0,4.018468700333415,63.639338334866736,n3d4
7.640765313509426,0.0,76.59523679133855,114.78556632726293,0.3833395462937831,0.14182389094143102,0.7040777404238502,5.675959939667409,0.0,126.10391120870833,154.1196873931609,10.019965649678605,0.0,24.41394921518901,71.30105673043825,9.175994196694049,0.0,5.483928906515757,66.93702228272086,n3d4
7.9907855843065665,0.0,65.44781929172045,103.4541239857324,0.384068920702861,0.1428126616236036,0.6854153457158645,5.905776913796814,0.0,108.54042049627475,136.70901457223698,10.366311433863583,0.0,19.176432833955598,65.35292044997249,10.34716899960273,0.0,4.316794284191368,66.48991555261443,n3d4
7.0765335652011,0.0,73.57155660374666,111.06371323697934,0.3772922531721405,0.13986520535624522,0.6931299028012415,5.4729341702905305,0.0,126.89895423823712,155.15382028317825,9.080963745823182,0.0,16.55540484033091,61.99539794152501,7.932081244688879,0.0,3.9864046719766217,61.759897159884666,n3d4
6.508033346497419,0.0,84.6579465546925,121.86120897719555,0.3724733440762106,0.14117470252101857,0.7013337012575257,5.097292876991097,0.0,148.37648914378607,177.38292245732848,8.324349216678376,0.0,15.99853124481509,59.199802068176,7.128812419462876,0.0,3.130552324715685,62.537200248381446,n3d4
7.238937866222659,0.0,95.74561748381569,134.19297065969997,0.3718734513520197,0.13990423370575128,0.7096883554385524,5.503151910148829,0.0,167.2618497863756,197.4511038513192,9.345287573278359,0.0,20.011201565873787,62.903770989046656,8.435123391751434,0.0,3.522553563469508,70.39224121255789,n3d4
6.891628357422175,0.0,70.9667881582596,108.19197264857655,0.38530410656690933,0.14462375619892787,0.7132440803234724,5.370992839419365,0.0,120.04462042992026,148.51815039736945,8.8478745232982,0.0,17.106745918450624,61.18258717806324,7.905337642309419,0.0,3.0307859333699145,64.11987231342293,n3d4
6.951281408271551,0.0,58.495526513805075,95.07693426733145,0.3821220557479052,0.14138406218993682,0.6656170458537338,5.244860205721513,0.0,98.20489005048067,124.51489797256937,9.007039333106874,0.0,16.640288263434623,61.135816511115706,8.326868973274195,0.0,4.116276966888866,67.18964962312255,n3d4
8.086653413375775,0.0,70.00148359461475,107.69614144597466,0.3890304385690243,0.14699232742894455,0.6984949650215856,5.987034028237007,0.0,115.75098919399048,143.9176028793071,10.707142530608623,0.0,18.75234093583241,64.71358826707689,10.333639466848119,0.0,3.3603647334508935,64.56142690115479,n3d4
8.150152614923606,0.0,68.09574308586964,105.35356100910303,0.38847538421273436,0.14609236245284216,0.6863171332278395,6.142948626617049,0.0,111.87614736123845,139.51952399343375,10.688803709042782,0.0,18.76490502580816,64.0731078354242,9.913321919017108,0.0,4.2167853498206265,67.37679318166043,n3d4
9.090324676374417,0.0,69.67587623443379,107.89039809660028,0.3879684919537474,0.14601394551930327,0.6854943977531062,6.690674739593721,0.0,115.70552753413982,143.4501888042425,11.998592634627764,0.0,17.714870087679827,64.70002765085708,11.705174342996429,0.0,4.218846229445134,69.51562255294672,n3d4
8.27676279499959,0.0,77.86461388082053,115.88401049097992,0.3908112461558873,0.1513744297050402,0.7116234716089016,6.046375656194837,0.0,127.26171453004,156.05459588088948,11.236589542313657,0.0,22.804919857061574,68.31174741434492,9.817304031908506,0.0,4.808104871115752,67.6602120449317,n3d4
6.62605528078702,0.0,61.64261661307098,98.86958338043709,0.3548240157741738,0.1345309269389681,0.6563762292371369,4.932984877857153,0.0,104.67133290511373,132.004579748961,8.690346266633313,0.0,17.08792007381554,60.85097224923279,7.599594834557365,0.0,4.637753706925393,69.80604775732357,n3d4
7.9213396079227545,0.0,59.74181326206739,96.69533227018711,0.38728528810153295,0.1442999948838121,0.6590398999726413,5.804079194553928,0.0,99.29018317853422,125.45981994210678,10.4130263297269,0.0,16.7564863172808,62.25722417819537,10.393497649248005,0.0,5.855655394355259,71.04433409783378,n3d4
6.608354591427976,0.0,63.161828088149846,100.13924929855499,0.367761457948164,0.1385392547241597,0.6740352228121328,4.9246166221566225,0.0,105.50075020760038,132.21181030947534,8.583798648134463,0.0,19.689108456170096,63.095678674483224,8.07716977503456,0.0,2.9285105567801186,71.50816214950264,n3d4
7.064197448953572,0.0,70.5428377062504,107.74446580016944,0.3842899126790363,0.14614110542508013,0.7014105135826056,5.388522621178324,0.0,117.6368190873113,146.1846292468402,9.254692672588392,0.0,17.74845533324297,61.69325728524733,8.251535844329858,0.0,4.68695152255065,65.63764929390183,n3d4
7.845133048251362,0.0,73.90388070321741,111.46270138666713,0.3892104523872234,0.14681479841094383,0.7054055292032309,5.798124509135529,0.0,123.21056157795692,151.20283287068952,10.494084908630617,0.0,17.942649563281698,63.68440150456165,9.53137684142937,0.0,4.990387569194382,66.61887022870641,n3d4
7.57199015344018,0.0,65.35580861880632,102.85187944176236,0.3871772161913127,0.14476882273022654,0.7030443131434453,5.602750676438598,0.0,109.09355694910268,137.13338548763645,10.034256982418356,0.0,16.14171176743342,60.97706120034417,9.292204764911759,0.0,4.161915536826488,68.97243312072787,n3d4
7.102289119275475,0.0,77.62161324642837,115.51964206160282,0.38752851673486366,0.1449458585854472,0.7176731535467933,5.533800259164034,0.0,132.72763511728525,161.42246362469098,9.11750896997872,0.0,17.391472135597972,62.920377636565846,8.060220662103262,0.0,3.967417427496639,64.52624089656537,n3d4
8.46799578275236,0.0,66.30789216024084,103.88635791055671,0.3904305034181376,0.14582771205683187,0.6845559362233478,6.138737845551163,0.0,108.92119171365397,136.3980033864632,11.31986359036697,0.0,18.883425672648908,65.67452719084748,11.03607217550109,0.0,2.989292012218307,63.69578577619962,n3d4
8.057761519510041,0.0,58.25305490231942,95.31604450487318,0.38677766297508265,0.1446194264168259,0.6733602500980802,6.0185562472307765,0.0,94.16253259048035,120.89775189668707,10.59778966343506,0.0,18.967975388931126,65.99960120448199,9.877979918450613,0.0,4.425191537926992,62.2892867795311,n3d4
9.192112790665995,0.0,70.36586400711438,109.2852678567844,0.38636432750456245,0.14489201373974334,0.6995064861098373,6.7468863425073335,0.0,117.02832607527529,145.58096275998153,12.130134818317664,0.0,18.22230577103532,65.59222353739126,11.805730062991486,0.0,3.537780991787357,70.6756152197069,n3d4
8.174346561425704,0.0,67.28755555708806,105.42333808387575,0.3812996564204955,0.141435974050197,0.6772002895595853,6.118063047870551,0.0,113.89355832746782,141.9343362664037,10.563974675820234,0.0,17.95198358879445,62.991787699073925,10.182428867595313,0.0,4.18214175571859,71.87206024138136,n3d4
7.5454085565852544,0.0,52.705849612685945,89.64487529817748,0.37808276480852937,0.13910076383670358,0.6639256758994541,5.598879338352338,0.0,87.55103619065873,114.15388723363756,9.865416533710102,0.0,17.090410051534864,62.1048728646289,9.196114549034542,0.0,2.5629762546880253,64.99661645564946,n3d4
7.508728593773075,0.0,75.17397883895968,113.01792865719689,0.38265304800681693,0.14375772340459456,0.6990958072260673,5.6474791677233975,0.0,128.87619266190174,157.02762443923672,9.785166620669896,0.0,15.86548927704368,60.671462662359886,9.221488775099523,0.0,6.0102513654823575,72.30467554292953,n3d4
7.561118363006695,0.0,94.30273748862506,132.8741065652607,0.3843853615850555,0.1433984596505141,0.714154129906044,5.727409529398965,0.0,165.9698792646682,195.51683193045642,9.72339596126285,0.0,18.89057180136543,63.04694802012576,9.34122696112604,0.0,5.169698238284976,71.65169093071478,n3d4
7.170713495380971,0.0,76.21278588761258,113.75297125605441,0.38877912982177704,0.1465113911015834,0.7186866135828096,5.502476821091231,0.0,127.97372542324915,155.89376558989093,9.42605973762397,0.0,18.519125800036562,63.809090779707844,8.15874857214741,0.0,2.8919064660516867,65.95132645015238,n3d4
7.6571096098878035,0.0,76.1076343699944,113.20455261327494,0.3891354458659171,0.1479974257541596,0.6973710237926342,5.620543903465556,0.0,124.85554779741095,152.07444464868237,10.251955513602265,0.0,20.978070333903148,66.46293191524063,9.462227721232658,0.0,4.138409949860005,66.95168319296766,n3d4
9.166928305497262,0.0,448.00972626919844,492.139746516657,0.39168614405301805,0.11070429730310297,1.0,6.651685946112814,0.0,1037.6344443221908,1066.5839002003281,12.268690062509739,0.0,262.64017888218274,309.0035193911469,12.008538081215562,0.0,10.238479711276874,75.79634765135597,n4d2
9.589527516568657,0.0,424.78714328577473,469.46224252402914,0.39217819074773647,0.11248415914378687,0.995552489908311,6.8518454728676454,0.0,978.6528500023566,1007.2738218585397,12.825489961497578,0.0,259.22509297427905,306.5616133731986,13.211732601713628,0.0,13.920537768379134,79.05482416673678,n4d2
6.797455591858062,0.0,410.3801975372008,453.00340798524644,0.37905318719220166,0.10544269359397335,0.9937765916724608,5.074602521362275,0.0,994.9798208838392,1026.9264784223558,8.863870077834015,0.0,214.56817532565208,257.6027806530344,8.244318757960578,0.0,11.564001095217225,74.55165538836367,n4d2
7.640765313509426,0.0,401.561208648999,444.25915211361774,0.3833395462937831,0.10636791820607328,1.0,5.675959939667409,0.0,1005.3187785145736,1033.1418872694453,10.019965649678605,0.0,217.30320446838147,261.77778265261776,9.175994196694049,0.0,8.180191134148247,72.17428254854977,n4d2
7.9907855843065665,0.0,392.09298550784075,435.17767910701275,0.384068920702861,0.10710949621770269,0.9936542541228726,5.905776913796814,0.0,940.345038949965,970.8891960475039,10.366311433863583,0.0,206.72851744209933,251.54691008156092,10.34716899960273,0.0,13.37700191180714,75.81772414255927,n4d2
7.034411341598712,0.0,393.35224972053925,435.52449260055135,0.37797559755446375,0.10478379050344146,0.9954260834074323,5.411440527927716,0.0,953.0085258417805,982.7489868741977,9.080963745823182,0.0,217.73309817504844,261.6500466716323,7.932081244688879,0.0,11.640133969118287,71.34817695471881,n4d2
6.508033346497419,0.0,382.6179056159385,423.8869207567631,0.3724733440762106,0.10588102689076394,0.9955101021689977,5.097292876991097,0.0,895.4017755748715,925.0021195236901,8.324349216678376,0.0,217.76308491041434,261.1605625140684,7.128812419462876,0.0,15.254821330678874,71.6995479244319,n4d2
7.238937866222659,0.0,418.1934707526184,460.702209898343,0.3718734513520197,0.10492817527931346,1.0,5.503151910148829,0.0,1000.0606687463387,1031.2411675489795,9.345287573278359,0.0,216.1177429887249,259.99670945355143,8.435123391751434,0.0,12.123123123441891,73.13516874879129,n4d2
6.891628357422175,0.0,424.8019445019074,467.0920993117871,0.3854083411163161,0.10849716044933984,1.0,5.370992839419365,0.0,1080.3382906990057,1108.580335371069,8.8478745232982,0.0,240.7169280540515,283.8826848975407,7.905337642309419,0.0,13.95340444840863,77.32534386502972,n4d2
6.951281408271551,0.0,411.0744301484322,452.42403848325415,0.3821220557479052,0.10603804664245262,0.9930576596677286,5.244860205721513,0.0,923.426614531592,952.8511504621374,9.007039333106874,0.0,205.35438001152863,249.5049754977459,8.326868973274195,0.0,11.296585911632352,70.29722680780966,n4d2
8.086653413375775,0.0,427.78338996796157,471.0359668662039,0.3890304385690243,0.11024424557170842,1.0,5.987034028237007,0.0,1038.5690545090242,1066.2698703232122,10.707142530608623,0.0,254.7861456597824,299.3047505442651,10.333639466848119,0.0,12.723350220002558,79.0993821381312,n4d2
8.150152614923606,0.0,390.34599683320306,433.12817041446516,0.3876746292758686,0.1093434193431287,0.995029121523789,6.142948626617049,0.0,921.0340874078295,950.342762058794,10.688803709042782,0.0,222.35706447585386,267.653778901147,9.913321919017108,0.0,10.343387703664515,70.2420848063438,n4d2
9.090324676374417,0.0,414.47721218117783,458.78265074276374,0.38806528170599275,0.10953777963180664,1.0,6.690674739593721,0.0,1021.5442033487071,1050.1266319818124,11.998592634627764,0.0,240.3278961994489,286.6584761535961,11.705174342996429,0.0,10.765554616946567,75.46838310366063,n4d2
8.27676279499959,0.0,419.9366407114755,464.53786935893095,0.3908112461558873,0.11353082227878016,0.9958055512187813,6.046375656194837,0.0,1133.5466388164498,1161.6369950643982,11.236589542313657,0.0,263.12570128991575,308.5928754069886,9.817304031908506,0.0,11.565342407965854,76.49128984309405,n4d2
6.62605528078702,0.0,440.8358793968012,483.1126399765062,0.3548240157741738,0.10089819520422606,1.0,4.932984877857153,0.0,958.756868818109,991.4799937795741,8.690346266633313,0.0,221.72779111060353,265.4272104808683,7.599594834557365,0.0,10.51538019754026,70.8568279787392,n4d2
7.9213396079227545,0.0,396.26153629716464,439.2074398460764,0.38728528810153295,0.10822499616285906,0.9934830110940548,5.804079194553928,0.0,942.9571157479747,973.3045072304556,10.4130263297269,0.0,213.2102876847533,257.7716766193064,10.393497649248005,0.0,10.996294215058068,73.92628586028597,n4d2
6.608354591427976,0.0,391.21228496539396,433.30665562214756,0.36671163076216695,0.10407697356003799,0.9935473410747135,4.9246166221566225,0.0,944.8188384145811,975.1771012431362,8.583798648134463,0.0,205.4442877480538,248.04359440459714,8.07716977503456,0.0,14.933129668745103,79.19505437131187,n4d2
7.064197448953572,0.0,444.70883513587785,487.30495210226474,0.3844756343203057,0.10953797863873188,1.0,5.388522621178324,0.0,1104.9429274741356,1135.458951869592,9.254692672588392,0.0,251.2137143048245,294.51924930640155,8.251535844329858,0.0,9.9215810450577,71.61953228269478,n4d2
7.845133048251362,0.0,436.2530933816439,479.19077472386186,0.3892104523872234,0.11011109880820788,1.0,5.798124509135529,0.0,1084.7440737189224,1112.8460856086037,10.494084908630617,0.0,251.960755904637,296.0263043811672,9.53137684142937,0.0,12.050569987286645,77.86926786784055,n4d2
7.57199015344018,0.0,417.11621700523676,459.82991216737844,0.38706629960556016,0.10854551256333594,0.9949839631527766,5.602750676438598,0.0,975.1074401661181,1006.2209123395294,10.034256982418356,0.0,224.33109112427042,268.66943018743996,9.292204764911759,0.0,12.08539647675503,73.38776823638314,n4d2
7.102289119275475,0.0,419.5852990706088,461.02959187563215,0.38752851673486366,0.10870939393908541,1.0,5.533800259164034,0.0,976.8482806063233,1005.6489916342134,9.11750896997872,0.0,236.10191044831086,279.18869383329263,8.060220662103262,0.0,13.6200632495564,75.02937070464048,n4d2
8.46799578275236,0.0,388.77916533872667,431.8343916326536,0.3904305034181376,0.1093707840426239,0.9934899239724362,6.138737845551163,0.0,940.6518900825133,967.7753468795995,11.31986359036697,0.0,233.4042998257772,279.13396950744016,11.03607217550109,0.0,10.009313792411767,71.24309874841805,n4d2
8.057761519510041,0.0,415.40701140407674,458.7464125139815,0.38729030541371073,0.10860833080736196,0.9909774426284728,6.0185562472307765,0.0,954.3539502211452,986.6215949282501,10.59778966343506,0.0,224.42048337075232,269.6388811177277,9.877979918450613,0.0,8.66980302757234,69.08813299899006,n4d2
9.192112790665995,0.0,414.3367625977335,458.85109346239653,0.38721721200462483,0.10890889299564674,1.0,6.7468863425073335,0.0,1023.8679804711403,1054.9895743654467,12.130134818317664,0.0,220.5707511286948,266.9844985594383,11.805730062991486,0.0,8.43407384416301,71.29916632457031,n4d2
8.174346561425704,0.0,403.3984457620855,446.8874796223029,0.3812996564204955,0.10607698053764775,0.9948884586886092,6.118063047870551,0.0,937.8926995077574,969.3377519067109,10.563974675820234,0.0,225.33398874293619,269.8117413647353,10.182428867595313,0.0,11.014757251746095,76.0449994306818,n4d2
7.5454085565852544,0.0,398.9887088323851,442.2425788777407,0.37808276480852937,0.1043255728775277,1.0,5.598879338352338,0.0,1012.7288420781999,1042.9653274356538,9.865416533710102,0.0,209.22465586988304,253.80964593587223,9.196114549034542,0.0,9.433473666319044,72.26358335495802,n4d2
7.508728593773075,0.0,410.59435118750883,453.47281960569575,0.3849009680003261,0.10845167806222304,0.9948781183123169,5.6474791677233975,0.0,983.2178464189249,1014.8111127092591,9.785166620669896,0.0,218.24880615982912,262.30038643482453,9.221488775099523,0.0,9.671886811920729,71.62017584714445,n4d2
7.561118363006695,0.0,407.55858648139986,449.96250097632424,0.3843853615850555,0.10754884473788556,1.0000000000000002,5.727409529398965,0.0,1027.7279174065466,1055.689361018845,9.72339596126285,0.0,216.7517835069515,261.0087925638686,9.34122696112604,0.0,9.953119185466592,72.4961468930985,n4d2
7.170713495380971,0.0,422.2486188965046,464.6219621560545,0.38877912982177704,0.10988354332618755,1.0,5.502476821091231,0.0,1063.703124856623,1090.73772856827,9.42605973762397,0.0,253.82796286363646,297.1960856212255,8.15874857214741,0.0,13.476764220276884,77.75511247475634,n4d2
7.6571096098878035,0.0,412.9242298128471,455.50575916862186,0.39011163188661285,0.11127651931225009,0.9906807758214085,5.620543903465556,0.0,1023.379962230986,1049.18823355066,10.251955513602265,0.0,255.9152964460662,300.26444549533727,9.462227721232658,0.0,10.815914824360206,74.63183834207112,n4d2
9.166928305497262,0.0,221.97496389511556,260.76819007103245,0.39168614405301805,0.11070429730310297,0.9324845616901052,6.651685946112814,0.0,358.71507732644386,387.27128969369164,12.268690062509739,0.0,78.8406379600485,125.55813889056272,12.008538081215562,0.0,8.256615405247338,74.21557196262016,n4d3
9.589527516568657,0.0,254.0886291527479,293.57380115283473,0.39263051487075307,0.11261389429948476,0.9630128874091834,6.8518454728676454,0.0,400.48584730730147,430.2234749971721,12.825489961497578,0.0,91.46912269266215,139.6154407453947,13.211732601713628,0.0,7.883693796450366,72.42799048602845,n4d3
6.797455591858062,0.0,179.74848660646583,216.28800608697696,0.37891672797596576,0.10558473429594221,0.8815460874276576,5.074602521362275,0.0,299.38115618154364,325.9473924318477,8.863870077834015,0.0,60.944916154213054,103.40064955701432,8.244318757960578,0.0,8.780532885491448,76.32233998154508,n4d3
7.640765313509426,0.0,207.8524930591644,245.18970389146943,0.3833395462937831,0.10636791820607328,0.9039717307628053,5.675959939667409,0.0,347.3206652666764,375.6453158954152,10.019965649678605,0.0,58.679128614580385,103.32675163587872,9.175994196694049,0.0,6.869468628513361,66.97747214153813,n4d3
7.9907855843065665,0.0,162.59271241476165,199.69151147362155,0.384068920702861,0.10710949621770269,0.8783742094265237,5.905776913796814,0.0,255.43712753075764,283.3474470326954,10.366311433863583,0.0,68.34940812576892,113.12056717179965,10.34716899960273,0.0,7.630986685155161,67.12526047361749,n4d3
7.034411341598712,0.0,195.30134391403334,231.55516462890665,0.37797559755446375,0.10478379050344146,0.8722656529860363,5.411440527927716,0.0,323.73156352131826,351.215979663708,9.080963745823182,0.0,61.40697923278756,104.88304535043252,7.932081244688879,0.0,4.20038721252735,61.56795072766308,n4d3
6.508033346497419,0.0,256.004564504909,294.18227506412643,0.3724733440762106,0.10588102689076394,0.9544668255777994,5.097292876991097,0.0,421.3654887854986,451.7231249188565,8.324349216678376,0.0,92.57508148718335,134.64465620926123,7.128812419462876,0.0,5.3631555893492076,71.5087917444222,n4d3
7.238937866222659,0.0,192.47611607763253,228.72508956701935,0.3718734513520197,0.10492817527931346,0.860957436487412,5.503151910148829,0.0,321.4883184038951,348.4880945765381,9.345287573278359,0.0,60.3799802606545,104.0249594917097,8.435123391751434,0.0,7.609926505034809,65.82440716207789,n4d3
6.891628357422175,0.0,202.03827581045152,237.9118340132485,0.38530410656690933,0.1084678171491959,0.8939923616692181,5.370992839419365,0.0,336.4213159496936,363.26423425109573,8.8478745232982,0.0,55.374435710011696,98.27396958706709,7.905337642309419,0.0,7.592215402865357,67.85246533548555,n4d3
6.951281408271551,0.0,159.96448675686523,195.76799243370436,0.3821220557479052,0.10603804664245262,0.8565422019720663,5.244860205721513,0.0,260.57489377527605,286.7668772960444,9.007039333106874,0.0,56.4899931030175,99.19711199512355,8.326868973274195,0.0,4.309638928349288,67.5055657500153,n4d3
8.086653413375775,0.0,202.97044015636314,239.91073086367413,0.3890304385690243,0.11024424557170842,0.900769223606854,5.987034028237007,0.0,332.3998182595487,359.9584337567865,10.707142530608623,0.0,60.07083015212269,105.51505286398339,10.333639466848119,0.0,6.0819476856616745,64.710206934582,n4d3
8.150152614923606,0.0,217.59615886411018,255.08416430518656,0.3876746292758686,0.1093434193431287,0.921886926413359,6.142948626617049,0.0,357.6427116415831,386.77265472018127,10.688803709042782,0.0,62.482290781509604,106.11818826364224,9.913321919017108,0.0,6.525224078266852,69.04765663233347,n4d3
9.090324676374417,0.0,190.70195823922342,228.585054683615,0.3879684919537474,0.10951045913947746,0.900564748883748,6.690674739593721,0.0,302.5756944786975,330.3363439505702,11.998592634627764,0.0,71.26336329449134,117.91218530032654,11.705174342996429,0.0,4.2060290962756,67.12825219422342,n4d3
8.27676279499959,0.0,260.24800762040894,298.96251518116054,0.39125930272787407,0.11366098289095654,0.9813280535227196,6.046375656194837,0.0,426.93978737237177,457.1816027259138,11.236589542313657,0.0,67.97939061300907,112.93868200463744,9.817304031908506,0.0,6.736772340770834,72.22814007365535,n4d3
6.62605528078702,0.0,202.9897284163436,239.71809944100468,0.3548240157741738,0.10089819520422606,0.8529104763789223,4.932984877857153,0.0,341.4920170398884,368.8302097703554,8.690346266633313,0.0,65.31814602265662,109.32429893927574,7.599594834557365,0.0,5.763699423949576,64.0879056694269,n4d3
7.9213396079227545,0.0,177.23022570886945,214.55479695169802,0.38728528810153295,0.10822499616285906,0.883011464725883,5.804079194553928,0.0,287.2222877534495,315.1197919766969,10.4130263297269,0.0,65.87739611894324,110.39621746795575,10.393497649248005,0.0,7.048867964352212,68.98343193567183,n4d3
6.608354591427976,0.0,195.97641152645755,232.56895560350725,0.367761457948164,0.10390444104311979,0.8755792142278419,4.9246166221566225,0.0,309.93809880421674,336.4154613450349,8.583798648134463,0.0,87.26100111084689,130.38114692615744,8.07716977503456,0.0,7.147992488863376,73.40479931733216,n4d3
7.064197448953572,0.0,207.41721079306694,244.24912948757427,0.38560196117463014,0.10912649314381469,0.9323947991834748,5.388522621178324,0.0,333.5485260513766,362.3605905180456,9.254692672588392,0.0,67.5675882907861,111.70766452921882,8.251535844329858,0.0,9.170415049584847,64.84434789267488,n4d3
7.845133048251362,0.0,215.86452225822126,253.4827900125029,0.3892104523872234,0.11011109880820788,0.9370343748593367,5.798124509135529,0.0,353.1946634408484,382.01654085268945,10.494084908630617,0.0,66.14727053961447,110.11593541685951,9.53137684142937,0.0,7.918949684714093,71.81442220897847,n4d3
7.57199015344018,0.0,216.5822817442864,253.4094850564033,0.3869564442564239,0.10851470568298503,0.901232248574808,5.602750676438598,0.0,358.64701737488093,385.9317227791222,10.034256982418356,0.0,65.64282160797737,109.986762996593,9.292204764911759,0.0,8.202231208971307,70.2130061752805,n4d3
7.102289119275475,0.0,206.01054778445007,242.634706111073,0.38752851673486366,0.10870939393908541,0.9033380149774226,5.533800259164034,0.0,344.8202745803558,372.7827859066876,9.11750896997872,0.0,59.36465298083371,102.05059554493424,8.060220662103262,0.0,7.572908756991319,69.55256902125203,n4d3
8.46799578275236,0.0,228.35451463248543,266.12901116857296,0.3904305034181376,0.1093707840426239,0.9197309225742162,6.138737845551163,0.0,370.49689309219434,398.1958249725281,11.31986359036697,0.0,74.5636898007769,119.43227403956821,11.03607217550109,0.0,8.43134050853083,77.02342858635622,n4d3
8.057761519510041,0.0,264.3887801481716,303.4067419638303,0.3841870815630881,0.1077380896527901,0.9558427753540909,6.0185562472307765,0.0,416.87603795100495,446.4295310307921,10.59778966343506,0.0,109.65018289480616,154.0967171592306,9.877979918450613,0.0,9.683248278864069,82.32611339501801,n4d3
9.192112790665995,0.0,208.4838204685412,246.81529257071213,0.38636432750456245,0.10866901030480751,0.9082283526698807,6.7468863425073335,0.0,341.9583154961482,370.3309321329407,12.130134818317664,0.0,62.95758850865218,108.8994179009788,11.805730062991486,0.0,6.426090020906713,72.82440882155235,n4d3
8.174346561425704,0.0,202.90822120941704,240.61986168658535,0.3812996564204955,0.10607698053764775,0.885517906930115,6.118063047870551,0.0,335.0529741832178,363.2756119952834,10.563974675820234,0.0,66.99748204370316,110.92545068779017,10.182428867595313,0.0,7.293758457370215,73.93303609107679,n4d3
7.5454085565852544,0.0,195.95678137209558,233.4239256960381,0.37808276480852937,0.1043255728775277,0.8877786717492454,5.598879338352338,0.0,326.60038554467127,354.2837314263581,9.865416533710102,0.0,64.1772635070018,107.5735926047685,9.196114549034542,0.0,9.116999427560351,77.12309220755759,n4d3
7.508728593773075,0.0,213.97952411248315,250.95286811928304,0.38537115682507517,0.10858416088583106,0.8878552828799066,5.6474791677233975,0.0,356.30349683000964,383.8948330423542,9.785166620669896,0.0,64.13983089504818,107.52160516628817,9.221488775099523,0.0,8.839977049548649,74.13726484184092,n4d3
7.561118363006695,0.0,198.89993505757855,235.82896049794653,0.3843853615850555,0.10754884473788556,0.8873246832833188,5.727409529398965,0.0,334.54984718939437,362.2280918875042,9.72339596126285,0.0,61.83040771086151,106.77000158033192,9.34122696112604,0.0,6.003755514493696,61.792165246307164,n4d3
7.170713495380971,0.0,206.78198616737131,243.73344165673825,0.38877912982177704,0.10988354332618755,0.9345348730054278,5.502476821091231,0.0,342.44110063824644,371.78548960987996,9.42605973762397,0.0,57.696563193537195,100.43751180666943,8.15874857214741,0.0,6.126380546316206,64.61137933230731,n4d3
7.6571096098878035,0.0,241.0430764170766,278.51164037163295,0.3891354458659171,0.1109980693156197,0.9455668792290267,5.620543903465556,0.0,391.3237065820049,420.01522469447065,10.251955513602265,0.0,72.05076061286209,115.56607340768954,9.462227721232658,0.0,5.936019259057147,72.4284282702022,n4d3
9.166928305497262,0.0,101.98724644891307,141.28330431086337,0.39168614405301805,0.11070429730310297,0.7181058515653086,6.651685946112814,0.0,163.97519296423246,193.2337058432431,12.268690062509739,0.0,33.84256035413323,81.36762261647827,12.008538081215562,0.0,6.512558393323438,72.49052198989871,n4d4
9.589527516568657,0.0,78.6624636535037,117.38609831864564,0.3914679371322495,0.11228044490724412,0.6974112201027248,6.8518454728676454,0.0,128.7364195491829,157.52486215897932,12.825489961497578,0.0,20.62598044824528,67.50886157529727,13.211732601713628,0.0,4.105416613502392,71.04511676999569,n4d4
6.797455591858062,0.0,52.291183037803,88.60361194965179,0.37891672797596576,0.10558473429594221,0.6592621428521193,5.074602521362275,0.0,86.2429244585618,113.7208408662639,8.863870077834015,0.0,16.89894829900977,59.8617895445172,8.244318757960578,0.0,4.018468700333415,63.639338334866736,n4d4
7.640765313509426,0.0,76.59523679133855,114.78556632726293,0.3833395462937831,0.10636791820607328,0.7040777404238502,5.675959939667409,0.0,126.10391120870833,154.1196873931609,10.019965649678605,0.0,24.41394921518901,71.30105673043825,9.175994196694049,0.0,5.483928906515757,66.93702228272086,n4d4
7.9907855843065665,0.0,65.44781929172045,103.4541239857324,0.384068920702861,0.10710949621770269,0.6854153457158645,5.905776913796814,0.0,108.54042049627475,136.70901457223698,10.366311433863583,0.0,19.176432833955598,65.35292044997249,10.34716899960273,0.0,4.316794284191368,66.48991555261443,n4d4
7.0765335652011,0.0,73.57155660374666,111.06371323697934,0.3772922531721405,0.10489890401718392,0.6931299028012415,5.4729341702905305,0.0,126.89895423823712,155.15382028317825,9.080963745823182,0.0,16.55540484033091,61.99539794152501,7.932081244688879,0.0,3.9864046719766217,61.759897159884666,n4d4
6.508033346497419,0.0,84.6579465546925,121.86120897719555,0.3724733440762106,0.10588102689076394,0.7013337012575257,5.097292876991097,0.0,148.37648914378607,177.38292245732848,8.324349216678376,0.0,15.99853124481509,59.199802068176,7.128812419462876,0.0,3.130552324715685,62.537200248381446,n4d4
7.238937866222659,0.0,95.74561748381569,134.19297065969997,0.3718734513520197,0.10492817527931346,0.7096883554385524,5.503151910148829,0.0,167.2618497863756,197.4511038513192,9.345287573278359,0.0,20.011201565873787,62.903770989046656,8.435123391751434,0.0,3.522553563469508,70.39224121255789,n4d4
6.891628357422175,0.0,70.9667881582596,108.19197264857655,0.38530410656690933,0.1084678171491959,0.7132440803234724,5.370992839419365,0.0,120.04462042992026,148.51815039736945,8.8478745232982,0.0,17.106745918450624,61.18258717806324,7.905337642309419,0.0,3.0307859333699145,64.11987231342293,n4d4
6.951281408271551,0.0,58.495526513805075,95.07693426733145,0.3821220557479052,0.10603804664245262,0.6656170458537338,5.244860205721513,0.0,98.20489005048067,124.51489797256937,9.007039333106874,0.0,16.640288263434623,61.135816511115706,8.326868973274195,0.0,4.116276966888866,67.18964962312255,n4d4
8.086653413375775,0.0,70.00148359461475,107.69614144597466,0.3890304385690243,0.11024424557170842,0.6984949650215856,5.987034028237007,0.0,115.75098919399048,143.9176028793071,10.707142530608623,0.0,18.75234093583241,64.71358826707689,10.333639466848119,0.0,3.3603647334508935,64.56142690115479,n4d4
8.150152614923606,0.0,68.09574308586964,105.35356100910303,0.38847538421273436,0.10956927183963161,0.6863171332278395,6.142948626617049,0.0,111.87614736123845,139.51952399343375,10.688803709042782,0.0,18.76490502580816,64.0731078354242,9.913321919017108,0.0,4.2167853498206265,67.37679318166043,n4d4
9.090324676374417,0.0,69.67587623443379,107.89039809660028,0.3879684919537474,0.10951045913947746,0.6854943977531062,6.690674739593721,0.0,115.70552753413982,143.4501888042425,11.998592634627764,0.0,17.714870087679827,64.70002765085708,11.705174342996429,0.0,4.218846229445134,69.51562255294672,n4d4
8.27676279499959,0.0,77.86461388082053,115.88401049097992,0.3908112461558873,0.11353082227878016,0.7116234716089016,6.046375656194837,0.0,127.26171453004,156.05459588088948,11.236589542313657,0.0,22.804919857061574,68.31174741434492,9.817304031908506,0.0,4.808104871115752,67.6602120449317,n4d4
6.62605528078702,0.0,61.64261661307098,98.86958338043709,0.3548240157741738,0.10089819520422606,0.6563762292371369,4.932984877857153,0.0,104.67133290511373,132.004579748961,8.690346266633313,0.0,17.08792007381554,60.85097224923279,7.599594834557365,0.0,4.637753706925393,69.80604775732357,n4d4
7.9213396079227545,0.0,59.74181326206739,96.69533227018711,0.38728528810153295,0.10822499616285906,0.6590398999726413,5.804079194553928,0.0,99.29018317853422,125.45981994210678,10.4130263297269,0.0,16.7564863172808,62.25722417819537,10.393497649248005,0.0,5.855655394355259,71.04433409783378,n4d4
6.608354591427976,0.0,63.161828088149846,100.13924929855499,0.367761457948164,0.10390444104311979,0.6740352228121328,4.9246166221566225,0.0,105.50075020760038,132.21181030947534,8.583798648134463,0.0,19.689108456170096,63.095678674483224,8.07716977503456,0.0,2.9285105567801186,71.50816214950264,n4d4
7.064197448953572,0.0,70.5428377062504,107.74446580016944,0.3842899126790363,0.1096058290688101,0.7014105135826056,5.388522621178324,0.0,117.6368190873113,146.1846292468402,9.254692672588392,0.0,17.74845533324297,61.69325728524733,8.251535844329858,0.0,4.68695152255065,65.63764929390183,n4d4
7.845133048251362,0.0,73.90388070321741,111.46270138666713,0.3892104523872234,0.11011109880820788,0.7054055292032309,5.798124509135529,0.0,123.21056157795692,151.20283287068952,10.494084908630617,0.0,17.942649563281698,63.68440150456165,9.53137684142937,0.0,4.990387569194382,66.61887022870641,n4d4
7.57199015344018,0.0,65.35580861880632,102.85187944176236,0.3871772161913127,0.1085766170476699,0.7030443131434453,5.602750676438598,0.0,109.09355694910268,137.13338548763645,10.034256982418356,0.0,16.14171176743342,60.97706120034417,9.292204764911759,0.0,4.161915536826488,68.97243312072787,n4d4
7.102289119275475,0.0,77.62161324642837,115.51964206160282,0.38752851673486366,0.10870939393908541,0.7176731535467933,5.533800259164034,0.0,132.72763511728525,161.42246362469098,9.11750896997872,0.0,17.391472135597972,62.920377636565846,8.060220662103262,0.0,3.967417427496639,64.52624089656537,n4d4
8.46799578275236,0.0,66.30789216024084,103.88635791055671,0.3904305034181376,0.1093707840426239,0.6845559362233478,6.138737845551163,0.0,108.92119171365397,136.3980033864632,11.31986359036697,0.0,18.883425672648908,65.67452719084748,11.03607217550109,0.0,2.989292012218307,63.69578577619962,n4d4
8.057761519510041,0.0,58.25305490231942,95.31604450487318,0.38677766297508265,0.10846456981261943,0.6733602500980802,6.0185562472307765,0.0,94.16253259048035,120.89775189668707,10.59778966343506,0.0,18.967975388931126,65.99960120448199,9.877979918450613,0.0,4.425191537926992,62.2892867795311,n4d4
9.192112790665995,0.0,70.36586400711438,109.2852678567844,0.38636432750456245,0.10866901030480751,0.6995064861098373,6.7468863425073335,0.0,117.02832607527529,145.58096275998153,12.130134818317664,0.0,18.22230577103532,65.59222353739126,11.805730062991486,0.0,3.537780991787357,70.6756152197069,n4d4
8.174346561425704,0.0,67.28755555708806,105.42333808387575,0.3812996564204955,0.10607698053764775,0.6772002895595853,6.118063047870551,0.0,113.89355832746782,141.9343362664037,10.563974675820234,0.0,17.95198358879445,62.991787699073925,10.182428867595313,0.0,4.18214175571859,71.87206024138136,n4d4
7.5454085565852544,0.0,52.705849612685945,89.64487529817748,0.37808276480852937,0.1043255728775277,0.6639256758994541,5.598879338352338,0.0,87.55103619065873,114.15388723363756,9.865416533710102,0.0,17.090410051534864,62.1048728646289,9.196114549034542,0.0,2.5629762546880253,64.99661645564946,n4d4
7.508728593773075,0.0,75.17397883895968,113.01792865719689,0.38265304800681693,0.10781829255344592,0.6990958072260673,5.6474791677233975,0.0,128.87619266190174,157.02762443923672,9.785166620669896,0.0,15.86548927704368,60.671462662359886,9.221488775099523,0.0,6.0102513654823575,72.30467554292953,n4d4
7.561118363006695,0.0,94.30273748862506,132.8741065652607,0.3843853615850555,0.10754884473788556,0.714154129906044,5.727409529398965,0.0,165.9698792646682,195.51683193045642,9.72339596126285,0.0,18.89057180136543,63.04694802012576,9.34122696112604,0.0,5.169698238284976,71.65169093071478,n4d4
7.170713495380971,0.0,76.21278588761258,113.75297125605441,0.38877912982177704,0.10988354332618755,0.7186866135828096,5.502476821091231,0.0,127.97372542324915,155.89376558989093,9.42605973762397,0.0,18.519125800036562,63.809090779707844,8.15874857214741,0.0,2.8919064660516867,65.95132645015238,n4d4
7.6571096098878035,0.0,76.1076343699944,113.20455261327494,0.3891354458659171,0.1109980693156197,0.6973710237926342,5.620543903465556,0.0,124.85554779741095,152.07444464868237,10.251955513602265,0.0,20.978070333903148,66.46293191524063,9.462227721232658,0.0,4.138409949860005,66.95168319296766,n4d4
