regWait,triageWait,doctorWait,LOS,ClerkUtil,NurseUtil,DoctorUtil
8.36523930151801,0.17779418135202096,203.1429325019552,241.41763910579607,0.3864120304493803,0.21616606980158598,0.9059263045516431
2.1607225325545913,0.28541928387206844,166.31308021425644,199.8279367336163,0.3241456549438771,0.2339721412253457,0.8082855274830286
2.2624266209443094,0.1785386294541437,291.9393269225535,326.866812458967,0.3300344416788752,0.24393595480386882,0.9079526719312367
3.135479401886821,1.4323886521545854,199.8081216682254,236.14963611860645,0.34528553925712663,0.2406983671655942,0.8778284932960997
2.0757250461934067,0.28079501242751037,229.11019108431572,263.08467167507126,0.3133126964693535,0.20010985035376186,0.8834293042166159
5.793365112122311,0.5371218176035236,225.19750952077172,262.54501555581385,0.33888367463971686,0.22971956720896353,0.8908133750358697
3.765066936752537,0.526302878407709,328.67870576795593,365.5653304545293,0.38770982934242526,0.2630364405028819,0.9999999999999991
1.6887534535168696,0.30662399115190636,137.6744809388914,169.29252996890017,0.2968291465740023,0.2158283009905374,0.7329240769449981
2.0944179892954606,0.2646491540414659,259.83098740562156,294.27659820449674,0.32110925296223025,0.22737528417360336,0.869988612724366
1.9625003738546158,0.8587399664481451,338.51105654333685,376.7599463051548,0.3519336225914002,0.26624229235613883,0.9952430060592642
3.3100262558243037,0.2204522388798249,236.1206187987919,270.4477922692313,0.38562196688646183,0.26707975841675413,0.9133481341991646
2.910551449870277,0.3964688087098233,181.1294781216271,214.22066288024305,0.3327920691124665,0.2380243317112134,0.8456508097128582
3.750757750531785,0.4523996255630279,378.3850355833402,414.8595573344965,0.4508007234517211,0.2607655040779218,0.9844719721731415
2.5780825226212922,0.19335259295804602,316.1788659268048,348.53388800974426,0.3587919547233182,0.22510421806080264,0.9229711890097391
11.417811274937302,0.386653871102396,350.7835856788993,398.4976180396012,0.4595773861540739,0.26658414546585923,0.9833398529799986
4.5373524611194584,0.16251436674868322,236.16831023263583,272.44713204314644,0.36282303882129824,0.2455899959987911,0.9048663322117102
7.396122249999073,0.3274743260219863,256.9549101255622,296.5253257447205,0.3732784834758158,0.24406026965348995,0.895737785239128
1.9977672269582556,0.6447089952789664,207.28855745738116,242.43010420680926,0.3758962481068457,0.2560184385996483,0.9942507289345136
2.5893854084981918,0.4159326220318567,251.62483050976536,286.01398995678574,0.37963974976684567,0.2647755110819943,0.9657760762042337
3.976469406282498,0.13767414009660087,176.42768515235093,209.55551446787385,0.35072748176183915,0.2151092655605002,0.7982419555117987
2.4448247787934165,0.802548354246168,310.02398897724095,345.68102934776556,0.3877545998820033,0.3085450054047628,0.9921776442288529
4.264652343183992,0.19800292157975574,99.93077179027433,132.79116671090497,0.3655034482193381,0.21341597775366977,0.799040427175815
1.701364945964523,0.19352840059655166,279.5274855461018,314.7137591250655,0.31773266743914386,0.2452678843261982,0.9224354655822506
2.8984120045219925,0.3212496815573929,170.29388204396136,203.34299023339446,0.3664630948055427,0.23258570346921853,0.8014765842833828
8.029845635876633,0.4873625563870685,215.39579664459404,253.60670699511365,0.46866176520554725,0.2934382657729746,0.9627819497369052
2.3205866853388617,0.4059451921427017,224.90413011804242,256.77573214541343,0.3710522650634162,0.2407386232638117,0.8670901490516232
3.268320354687676,0.0832429015876124,184.6792527365251,218.008135113135,0.3720151092617805,0.20418975101105769,0.8482373308904846
1.5834899453809048,0.3105926506604589,157.88648692800524,190.03310376973926,0.31760608120630207,0.1996711584689911,0.7830420504027802
2.038539872521081,0.4167875820278132,244.88333812407953,278.26702680403287,0.325300825788653,0.22782322062643032,0.8545757494800892
1.9187573545932641,0.18139685427387364,225.94137689381154,260.48891685193666,0.33521380759516445,0.21198374631373748,0.8432867141246995
11.5778115293078,0.5869918853777268,391.5970960523352,441.06123145679646,0.44922833845318993,0.2749969588731586,0.9999999999999999
1.5287721981875444,0.30202285177104304,214.57051657929577,248.93002102117723,0.3360520997080272,0.25363340495595077,0.918465953021148
4.092319489662025,0.6375710940561401,293.6928483118903,329.9756443597506,0.3597360795456798,0.23531708909439267,0.9092726670852289
3.4878327208516655,0.2977646209690532,187.55473289528172,222.58219664496,0.34149870139795857,0.2193675821015327,0.8631992376522336
5.869672430732827,0.17068258135829198,292.0183553707646,326.75594897553805,0.4001740803758072,0.2491814781849381,0.8579748767427565
1.928458423055754,0.167880445140806,86.64882763531438,117.54150114928949,0.35157483473306056,0.20347170598932632,0.7862224886369925
7.893244120079399,0.48296588471900276,154.1728043220732,191.89217978378304,0.4320104634334986,0.22627439089510082,0.8655422287454941
4.911594786220968,0.482891067446167,247.29334548335504,282.569553353772,0.3657432906067536,0.23094906061675727,0.8530320991542909
2.844042834893439,0.3138946745532927,380.87388162455846,418.95022872285267,0.37855131795570124,0.28109631941413127,0.9966072394700075
4.816489937731132,0.7519264200464494,206.17348755709182,244.0818272012675,0.37454016977683824,0.25650512618357246,0.929641899159023
3.2182303212794725,0.6007556927141388,182.99414253573755,217.7213688504473,0.3803163576571326,0.24374125970040683,0.9005452070121233
1.8965953925672296,0.25112297072239204,188.8082788918164,221.63789518688117,0.36136535182777313,0.21222297806567528,0.8345447945644242
2.677672034700746,0.6287842550283306,224.8344641250939,259.0670026028656,0.3429042783198548,0.26086881585870614,0.8815389055997803
4.802794614951428,1.2129268280885959,286.348348016097,324.2020312463322,0.3366278249251333,0.28907309170302,0.8636449064936612
6.257186271821182,0.4177594685608618,275.725690088743,311.9289065800309,0.4070974573842319,0.28347025968133255,0.9387060961123019
8.298582518450239,0.6687515403996888,314.83976013584885,353.72063152011634,0.3951024578137745,0.2675311804198626,0.9787967270760828
4.527348075454484,0.3825157132997444,330.8203944858845,366.3468257524262,0.409852177724901,0.28116709529606065,0.9874540099043575
3.51019163277476,0.3008805714290046,184.8598482275506,219.31765510182709,0.3318509408471344,0.2430429847100129,0.7718868642864036
4.794330873409321,0.5958341093468054,261.88194546260013,298.77748089283966,0.3951954515579622,0.26832619706909927,0.9709912530741471
6.895556603474924,0.29207198136221885,225.24644992660123,263.6669822049444,0.40737539572591697,0.25139366270004415,0.9257257811924141
1.5860209529287412,0.7256854720954569,140.71008234637495,174.71813479311837,0.28435003136023124,0.21571395153951778,0.8160164539080609
3.755319924089431,0.7734146228260523,406.8730284628674,444.37039670290073,0.3781887723011954,0.24849946569906628,1.0000000000000002
3.15240425540023,1.113361090065495,285.00228542288255,321.10810048796355,0.36031986695303037,0.2316045757810048,0.9598050092017095
4.953830234721878,0.6019212146825572,378.17613198173,416.52254460289356,0.37391285998140034,0.2563301836587742,0.9894045442149592
4.778607724038579,0.6782924313749965,270.25659178445915,309.7210660405978,0.3965871934444314,0.25272210358363434,0.9956201137023997
1.6246709721648958,0.19072276876560953,148.83073674134275,182.23054047406944,0.266722584774569,0.18541542813180628,0.7057941298970875
2.364650424153209,1.9357150912941687,285.8354785067538,319.934853733031,0.33289136526720914,0.25177565135586194,0.8933154026707251
2.012063049799085,0.24925187757788062,161.59926656845406,192.49075004707183,0.32373203269441714,0.20918134236291486,0.7938401487503658
1.508205214299736,0.2916526741799838,169.20889681056738,200.77179357874655,0.33501622166825945,0.24417474072780557,0.9072383814858073
0.9166818969268985,0.36515675782902085,187.37621294789466,217.42394916318986,0.30176819868179994,0.22555761609050587,0.8844399150751654
7.095505240830085,1.4133549833290957,423.0022493953363,465.5479561247913,0.47755111173838644,0.3640240972968696,1.0000000000000002
2.007001850775213,0.3924198775910221,224.491975982516,259.5530790206559,0.3834555879850047,0.23051972592455175,0.9180724546844298
4.239255099425752,0.8274348900961164,341.85852804357836,380.62641967709277,0.42311197191255656,0.2519219080466299,0.9867596277033025
5.913794020407039,0.33822573529993577,285.1264550364688,321.80248605564424,0.38639644926822986,0.25073331338801164,0.9102724224862139
3.1368907090751037,0.4429533596048879,249.51298170221386,283.63405638043474,0.34569766363370713,0.2257508958204931,0.8849021273343526
2.6778692800001798,0.2170672040051626,174.77372921114915,209.7523612259932,0.4063150443495905,0.24852141060888713,0.9976022940648556
3.49445669407616,0.3101743929939801,285.5593145082617,319.60437646022217,0.3987371871704756,0.24743599475108374,0.9731811491279344
4.804280625313221,0.9300276233446102,445.1471235720839,486.1962216359542,0.4570122725994272,0.3123514852685171,0.9825483694383123
6.103057601143747,0.46138358007041125,350.21117537200973,389.32696057262723,0.42492670625974155,0.2592464673517351,0.9906758216967191
4.6047090304055445,0.33584288052894423,172.3671870342711,206.52228565336372,0.3537677851244436,0.2466996510244856,0.810135091278799
3.2433803072505385,0.616163936242444,312.1404847746446,347.4991090431793,0.31299857786743085,0.23991821153921453,0.9222975346848271
2.992253122194651,0.32056097860429966,287.26132562546366,321.50196344565484,0.34704652029104033,0.2441856034640614,0.9038982053454413
2.077328072769748,0.23728084264953175,241.64366236715995,275.08341981450485,0.363680697847381,0.23812534981971337,0.8287991465094943
2.678487203390377,0.4471253389753757,177.3063856136397,210.79538702542905,0.3252360846224146,0.21612042489914116,0.8043921769325074
2.052480347707636,0.2697567353460306,131.76290768711587,163.03023737392223,0.3093432345269408,0.20843230108714786,0.8074214448340468
3.1829095728968326,0.49450459744161124,311.91480604582205,345.58777881530875,0.39103387578403626,0.2651896985230908,0.9395639046368459
2.8160089270440283,0.746224334824575,169.53435261568504,204.67276321940525,0.32680957602709976,0.2082237983990934,0.837266111503666
2.2381135338966387,0.13159378192573443,197.9570601527523,230.30990170948724,0.3673199681207189,0.23198581630289847,0.9322375153768263
3.525005137087553,0.2134927398071266,187.60190609532845,221.22320328504438,0.3695147688556436,0.24656409955167746,0.9126208815684405
7.264794268699041,0.6044743505419607,312.424367245484,352.9411896372105,0.40778716934976356,0.26820751655104785,0.9883995354760667
4.69581523230672,0.17669239623852342,288.3591109331263,325.7030712526525,0.4318261941555447,0.24577389396057583,0.9944215653569938
2.304174791604945,0.2892421646623055,215.5102959668729,248.81671402558663,0.33045328732650225,0.23647440548988735,0.8339653562502815
1.7875039980012493,0.26992475712705305,162.05806353060996,195.86225260308692,0.3507380713690274,0.22442603769849587,0.92544223687625
2.6934139679580316,0.15358710146930665,201.11255084700645,235.57188116194078,0.3653625384451082,0.2199524244182311,0.8497347260242901
7.867862350824673,0.4546202454164975,353.75425754894394,396.3387522511669,0.3818050944020773,0.2265545181129785,0.9999999999999996
1.7524134468979453,0.1710131842952611,207.99770399370655,241.57158359194807,0.31659171110936585,0.2170279139555814,0.8914813921174645
3.8396328349456526,0.7046932082999333,389.90316833532836,423.69999246092635,0.37281708270876307,0.25999342144735477,0.9951173170456867
3.3807280687272367,0.27387166426759585,194.467861095985,230.36556218422874,0.3033162485170296,0.18884379556585806,0.769813785943612
3.0870392652853167,0.5440823504282076,318.3853090202651,353.8487481284281,0.34379669021952386,0.23640574399579417,0.9629447917901993
4.127468622781537,1.2802282033652863,303.5775035302659,338.57645505284296,0.41831906813684244,0.2812926824483526,0.8935600066486055
5.111646772837512,0.48315278405602524,258.20703706127574,295.86990617445525,0.3550849062966416,0.23232219366561274,0.9154020149443057
3.458546194214283,0.47276435116041793,331.2456008477457,364.88712324148764,0.44735561244406075,0.2801322051255716,0.9999999999999994
2.8917376319070613,0.3735054782176286,168.39074255587,200.7040032924652,0.3612392476214997,0.216248228953474,0.8360224354719149
3.5557618038048995,0.1548892230480237,158.9940912787356,193.55794065980632,0.3617757251547215,0.21752688214418628,0.7950455443439647
1.8580318628647372,0.15182679441174518,207.2392029405035,241.3034848306635,0.34623715119932863,0.25398193891220494,0.9169112085632541
3.3445877152707584,0.2637389648690266,249.77025107907068,285.6339155610876,0.3092403918320287,0.19837329274045673,0.8206597574728023
4.325743929945384,0.5806349780092211,344.4873476983779,382.1731417239288,0.4144032626180546,0.265822320870741,0.9975058916193779
4.242438619477353,1.1774158967594772,182.56794535951946,217.0275403589451,0.36232595953120805,0.26012249429635,0.818928655797217
1.4259181988606053,0.12348945734632646,196.9459715412121,230.40423563444278,0.2938071048764609,0.20091430992329853,0.8133240725634573
2.3346885944456583,0.42622379043000563,188.6744533841466,218.7687311694019,0.31780928392816266,0.21801877104791353,0.7957182093471621
