regWait,triageWait,doctorWait,LOS,ClerkUtil,NurseUtil,DoctorUtil,DoctorUtil_high,DoctorUtil_medium,DoctorUtil_low,doctorWait_mce,LOS_mce,doctorWait_normal,LOS_normal,regWait_low,triageWait_low,doctorWait_low,LOS_low,regWait_medium,triageWait_medium,doctorWait_medium,LOS_medium,regWait_high,triageWait_high,doctorWait_high,LOS_high
16.456453559168246,0.5115578258036153,150.13579934290448,200.97162013559824,0.4723971180186308,0.2869105715267738,0.5354433723064459,0.29979731241912083,0.6566341482906562,1.0,79.6095801332787,172.48627246225374,159.27808701822633,204.66416520436516,13.493756520521142,0.6042006962427147,258.72292264620364,297.03652230640773,16.0701760160147,0.3331118674875865,77.98180131361602,129.67061237064948,26.76528839015229,0.6071281803848771,14.173009294984915,97.0689345120017
5.436634950256306,1.081810686701779,153.00122586623044,192.2017637637429,0.39594874560777105,0.27605229767844475,0.4675216472527857,0.26120819664866585,0.5410847662487897,0.9393357610731377,129.9543392701908,195.07521218138268,156.78750009272264,191.7296972379877,4.328155191580965,1.3618468343203987,287.93882116817326,316.3740792845699,3.943567358652637,0.5804720389660015,11.43417676292419,52.47764343906049,12.660053505844285,1.149178625049982,27.516103267263624,97.8985983827187
4.444411946725756,0.6740128179847292,71.36708491129669,108.7695661252897,0.3280072139334697,0.2977275167313807,0.4846517828599304,0.36243510867027945,0.5534277244127207,0.7137499223233026,48.10020193980224,109.4158554016258,74.76017201130627,108.675315605824,2.4615484225580886,1.007882698041999,128.93311321357945,151.36723263358726,4.575409918451703,0.4718218627043261,33.401110634342814,74.83688843377763,8.171803363551385,0.30238309642805916,9.703362272622808,71.12941485782399
7.472608457354601,0.3183179353366672,169.79907508498485,213.862856414107,0.432368981021638,0.3136578339680118,0.5665306854986878,0.28097620870431117,0.7781277434395966,1.0,135.52434195865382,208.39684898098645,175.7799009996466,214.81665636887965,7.392869234640337,0.49293185085037466,298.3051038913851,332.3445293808958,5.782985195881049,0.1323714975841722,94.84551684921153,139.31994848771672,12.150802841457633,0.24889352532558665,20.26333416226853,91.67340621937258
7.91430548178684,1.772917458618216,160.88731161572764,203.516561611133,0.3928260869897337,0.2831995955997708,0.5208655632890695,0.2630568383326331,0.6885868326681647,0.9588491994001882,91.64038459399238,161.7187791362119,174.2591320061317,211.58785753732457,8.291822189486348,2.975098012787988,322.3155301872262,356.03495942818915,5.660068813347015,0.6120978629315622,22.871195025836037,65.50711683426259,12.80729446129175,1.1529461820918396,32.06643220506199,104.00438272919432
11.103129519507563,1.4413765068944069,198.54608251648284,246.81856506683576,0.44209821136168403,0.2999515377567778,0.5021441318163543,0.2777842940964805,0.5897559543043424,1.0,45.27619152000428,136.18347889945525,217.15742642319813,260.2528255300176,9.209319720866292,1.6370940628211113,382.6947556742903,418.25475211935094,9.516823019793659,0.5769212771511689,21.748260466792182,70.48897360269271,22.131342617571946,2.6953572251401736,34.76123750805511,120.63084130686997
3.3211217322139683,1.2713873964502855,135.1581296589586,177.52427742150343,0.470354585586522,0.338816958763743,0.5706498918232036,0.3512585297808324,0.6935924200513592,0.9829389214940059,116.5194016156526,176.6141367966418,137.62683536005875,177.6448258486374,2.4365687103001448,1.3280273147639035,264.1017091151111,294.267003330645,3.906615267090358,1.084615162700827,48.32369543490255,91.58735236420623,4.767594927247838,1.5006552756371008,33.11238191937897,101.42473837003445
5.619889658186762,1.0652909257347878,160.79337882475107,202.16681797607504,0.3485553773681474,0.2502695172972646,0.4554771512720215,0.3102460604650735,0.43161427861313945,0.9388961690106296,29.156399736457125,96.67125387841047,180.6433994809224,218.07487922889743,4.2031338607738995,0.9342383849717145,326.8758497456559,358.06156351412653,6.177481044639099,1.3542452898983561,10.76189006161912,52.09009311945044,8.537190694719577,0.9340628869854064,19.686600825054814,85.02337302884997
4.09855690092037,1.7046935955047458,190.41853457840827,232.78674667879764,0.37169452044659845,0.27549488290496904,0.5367354001144548,0.3175095161559222,0.633941926109481,1.0,83.26018370900057,149.04103197163096,208.67514250430744,247.05453511038908,3.4843824121036766,2.6565706571496404,360.11323107614777,392.60247773674246,3.5771523727040044,0.7339426487515419,69.41707219524812,111.4186094429123,6.939852125862058,0.9181103751327327,47.03404642414934,113.33801079772084
10.245247498645213,0.8561607962462724,137.079609950561,185.1800291520648,0.46766324988977986,0.2974237805515349,0.5576480183843331,0.33639398720776525,0.6782918117434134,0.9801225251958757,79.293414496275,153.1605735553506,145.9401599202182,190.0896790102277,7.897860988841222,1.1843838346395852,240.62912509111345,277.0207228253524,9.881374027111812,0.6051820328345928,100.3841726624264,147.59977504408425,16.40551750725839,0.598516434216536,9.28856939661425,81.90718965992431
8.663700417171077,0.4625903715829094,147.58521352925732,191.2376408390049,0.47941985502390033,0.3367298486394952,0.5492883493620788,0.31384314559130055,0.6949297507499146,0.9643411578987422,69.87685313948542,150.71465860345808,156.5880113792919,195.9323765858061,8.198863914318903,0.7553320207829435,258.8294482253012,292.0574894988048,7.499616781933504,0.19543077618499866,80.56631141023021,124.51556148357326,13.069200002043065,0.21323219258424614,11.718316326653802,83.3702608223834
4.422595252294871,0.9382315150694812,210.9679128852592,248.3364364730069,0.3975398497146403,0.278683857327861,0.46100592581690586,0.29868126520632704,0.44980701780092786,0.9703777236805982,130.67196816208437,194.51028251759496,226.06113557758536,258.45413458492635,3.6018778443982113,1.2603226216471246,383.3709649523491,409.92030396234816,2.694452355650767,0.33778694761370437,13.480426594591952,51.96301654040997,9.658089554305855,0.7500609558627173,41.60941654908696,105.97923527432566
18.349559601464808,0.6547628054561114,191.71071636351417,242.17430087290094,0.5398414760450577,0.31712313033162404,0.5588016958040595,0.3728889626417786,0.6170716434495103,1.0,64.78515558685021,154.14582986170691,209.38389571216354,254.4314297478774,16.778003304763928,0.8886397310002117,404.36353700699146,439.23048020354537,15.862736455539133,0.36245228783511485,29.713488524897706,80.19452468080658,27.786559506103625,0.44544072804768575,47.76868132257746,129.39523770314432
21.180734885910848,1.2910548083834508,216.67692839062622,272.61463318187225,0.4835149169216129,0.307914810639861,0.5019604872393815,0.2934317005415917,0.565733910905757,1.0,23.172501536352378,139.93455763978537,248.24148028884113,294.2574823837729,12.70950907021772,1.451525970546255,462.13921460259934,496.57547032884827,24.661071658128176,0.9475927885359723,14.442532862884867,73.82520133729632,43.72865280347646,1.4784665588928516,15.759904927553325,120.89473409213903
16.886857893902768,0.9324468500577705,134.08151465501268,187.66846095148028,0.48860046657962664,0.34199149975937515,0.5429157475745103,0.4106464996016181,0.5203888903923978,0.9847772058574121,43.25174236227089,143.86264822359502,147.47308364689133,194.12701026392492,12.078078787782681,0.8436005683967807,250.27371241358256,286.5378983739813,17.94219130515953,0.8198469824740722,38.02683735407209,97.05319436372534,26.15551221693534,1.2568067656537623,8.452630532931595,90.8895541385131
7.0362321124020495,0.9663901916956724,184.02542681203465,227.50501839778843,0.41879512701041544,0.30537817605403417,0.5224082818591462,0.2921249875063792,0.6348934731097008,0.9882877824163382,72.35057507967281,123.10593083984911,195.78067436280958,238.49439603546622,7.323681661279876,1.5466877092951015,369.6774695845774,405.56566081794995,7.42747176686445,0.4754259073607727,61.21716432286783,106.41324904204072,5.504937095275874,0.4766490054024004,10.334781075671902,67.84691368398059
4.582733673011567,0.40078158143144027,157.8115587791265,197.48068759571078,0.44271012786754427,0.2748928935018363,0.5208323178006867,0.2855568845600322,0.6387374183025113,0.9908484165190014,67.4836339931753,129.560039710416,167.382729617373,204.67757743786123,4.55229567243464,0.45465287692461004,286.33171907913504,315.6140045899427,4.929609700694771,0.3754858551024459,53.93962961019392,95.9406741090682,3.8781982770712764,0.27424825838928696,23.940752403822486,89.1200000614188
5.948601919871195,1.0673392830553323,230.41524312419,270.5959219104003,0.39888460307808676,0.3007597626105086,0.4883315225026754,0.2721081946318142,0.5568322755603049,1.0,117.07027152271074,182.41697972279482,242.1405850139982,279.7178814470491,4.91886465144406,1.5196790052925475,478.233650364735,506.1882720290729,6.456942016483662,0.4782296798639783,6.714633970363512,50.015746516748145,8.597167768673872,0.7339874851136869,23.182758394762597,91.54992534597848
11.879151712165141,1.0425024018203985,221.91307658463612,268.3216602507679,0.49501014091858164,0.3240610892300132,0.5452412318644976,0.324092794782549,0.6504041229780466,0.9983607608832458,27.112288545021148,102.8931923630665,247.71450546405535,290.23271560013234,10.43368067197226,1.6186358263309435,448.3100211842551,480.516570225219,11.339476759176037,0.3266436252204882,58.53612408777155,107.7078556268071,17.974136189368124,0.3622529141225572,7.464690682653424,81.38962172432215
4.6425738027404915,1.031267242296258,170.67115136915217,210.32369499059712,0.42016995131426954,0.2755267707219398,0.503379376310153,0.30768843841293614,0.5758741541747224,0.9454626342726642,89.16428618325125,148.34431866961808,182.4755939133171,219.30001845777332,4.3065719268318805,1.616306936156526,321.28025007038576,350.3814433640048,3.831254071971324,0.2942893515513896,29.919144422818547,70.23627642683279,7.5955616697291655,0.7461590529634013,42.78232245739545,111.83047248417623
9.473978000760729,0.9488779447264072,194.41498034630843,239.60798153403437,0.5041869549439177,0.3307489472413579,0.5851296064689265,0.3776346110552098,0.6899043584757731,0.9980650886963834,73.48354639156697,147.624667015758,209.34478700738762,250.96394628937708,7.3796878708133455,1.124104896490207,402.8905274086198,434.9418265528152,8.53578252105956,0.6569854506632542,77.87441035695213,122.35544895013112,16.56097442810097,1.0040997347510454,23.10499311552191,93.19899252205906
12.877389043614931,0.7686787408825282,192.54162084169943,239.8995546823958,0.4563930489434444,0.26306482910618734,0.4644994410681765,0.3039610671415271,0.43755672249223876,1.0,76.32534957924473,160.0033233603718,211.34131178121422,252.8239450433114,9.903463249096406,0.7585227799576302,374.40489396066477,409.33061397336354,13.817334402917814,1.0202255356775578,13.0069357055946,60.726459241480974,21.03668965016766,0.359923075856449,19.125539416253144,99.28594236484993
10.9912994821928,0.4810923031621753,154.85818743729683,201.24771803152296,0.4388491448739725,0.31884749930675205,0.5275370569978567,0.32251319596245326,0.5988413770498899,1.0,153.2516613592127,236.17213001158484,155.1169567384648,195.62230939043928,7.826232175368035,0.6355934221536023,332.9837006825584,366.03215617033254,10.06839376328867,0.3671867824501298,8.880452679527274,55.08990333889382,21.837771073783973,0.269540787454396,18.19914070642549,97.05079314527131
8.143497013148327,2.8046530411688284,169.82503337460636,216.9781042500248,0.4055435300647847,0.30705467337309617,0.527036162628563,0.35982985204060847,0.5413637098247762,0.9999999999999999,69.72828591133535,146.21501148910946,188.3614680900269,230.0823806872314,4.8763788476555066,2.888799985103464,354.01767660329216,386.7696003785174,7.668368202099346,2.9985286708805585,16.19770691962998,63.99073567831611,17.51605900333858,2.2988237300869976,41.41323002611297,114.89501790694595
7.158375939886642,1.0230523509555454,260.1532738642717,304.63461194256917,0.4448909608987998,0.30417665197458554,0.5400394231738948,0.3946260761011871,0.5281791553699036,1.0,71.32236017687484,138.35208760124604,294.6224089024473,334.9877711477313,6.825788578172187,1.3117542972602882,613.9979227861865,645.7542527062759,5.970340053979056,0.7356176901472347,18.31133083652224,60.95016424070866,9.930285544949705,0.6682230835886318,59.55097467135957,127.34865247888385
7.718871242992632,0.29782957383071784,224.96866293045844,265.42313043501116,0.40362590942560717,0.30708498304833715,0.47847618604071124,0.22213792231741325,0.602221674646014,1.0,89.29623463371617,155.17053904793846,244.0774556483094,280.95166443319044,6.1901312223562925,0.4603230740882938,451.5936209673723,480.6120588100413,8.997979219195853,0.1406550870945757,27.61160383666284,73.9199096664826,10.53934434290309,0.04436080045720701,0.6207340018732066,62.24896088438683
3.8242666804801306,0.19733707193770522,180.8902267013391,218.94215885001435,0.4104893597529714,0.23070823866667056,0.48692060251635416,0.22240614639916545,0.6271525879503143,1.0,110.27891618950062,168.70661186364407,192.3126445782542,227.0684973331037,3.407905709135775,0.24858659662686988,286.69547624027666,314.5795522696739,4.009132105328015,0.12942746663068808,96.48813543313283,138.8902432465569,5.069460317795487,0.17093035840334128,25.028984834055205,88.62531760575449
4.465783441376891,0.5330818415099899,174.1487882320444,214.0487846934435,0.38649747624413705,0.27955544421168566,0.448281642755392,0.21744555294633472,0.5218375649329083,0.9936780678275311,39.665201914513915,99.13225443396584,193.36072913454882,230.46543187336883,3.621428438894126,0.7127111431951997,360.26533068857356,392.24583994410966,4.828621721764522,0.20828757792903616,16.843783530723062,58.30745383490275,6.9413361418793995,0.5813384848528216,30.573788186139637,88.33897660704527
2.9816652810103688,0.6669833706029275,191.33802838985503,230.61770935335483,0.397418745337991,0.28543884626365357,0.4900093345088545,0.21795016356719568,0.6584872304834729,0.9692310553845939,32.97027014422762,83.70333410647977,215.33314327555613,252.87746317863892,2.3695420026736405,0.9460642175188638,415.28112675237355,447.31953147526207,3.737324000754189,0.28136183971899803,59.89851889885296,100.11123488155742,3.3760946797646847,0.6104529766636876,1.4571698302043328,56.82803158116299
2.91266571178085,1.8641168433520814,148.128034279734,187.0868774640343,0.39715750241228626,0.31322822535026834,0.4973421888747513,0.31566915656908173,0.5277442772981424,0.9815571089449773,100.28724405775756,169.22877557534215,155.05670044981332,189.67322325481044,1.6469889384748708,1.4583411914332653,301.2292080850427,328.9430802486698,3.157188327373437,2.8954184941079535,12.092983476675144,53.18362464707367,6.157457709278164,1.2319643233631654,22.040769053658494,84.26055859371621
6.95040430086985,0.9071083508920835,181.98143794419533,223.68492319582293,0.4772913748362274,0.32664053413447947,0.5511299182187077,0.2973885354503081,0.7122292588848326,0.9901553851916569,36.74384734430041,92.49214206837098,196.59113640690666,236.88183017314057,7.79219031369595,1.3973894971802994,349.9358427094719,382.3449253574392,6.511918354585957,0.48633121512880784,50.55016362714492,94.76986304078737,5.194402882783022,0.2949842625717628,4.08761440897551,67.86792838380761
6.820030548094291,0.7937670447042532,185.27669592373522,228.3460435855504,0.4277858956841877,0.27781929803074057,0.479956518137987,0.25425560144122195,0.5667911332966663,0.9833900379109236,147.79497072275305,211.4548853024203,191.57133679718257,231.18272665599977,5.81844206673256,0.975641111830882,376.4262472868395,410.60905592410336,7.60534007338124,0.6977377243571448,43.31345655724632,87.3632114213637,8.376430671204552,0.38911081109692375,7.494450921110465,71.58074584191326
18.285607264045783,0.8523247937377879,222.2494899064627,273.4754182267397,0.48821240437265584,0.29679165262837853,0.5210075006607265,0.33977240514400764,0.5533638942661678,1.0000000000000002,29.492305934437127,129.56164481803958,259.21662107917996,301.07531997635346,14.955109074576411,1.0570418201593306,464.14904314630184,499.4943581947999,14.964649542909777,0.6053532807107482,27.369870907027607,77.36799763251828,31.592922378333444,0.721661449012228,23.053067426982334,109.71489113350663
13.208464756628025,0.4855419394477686,98.19976961581278,144.48485397864485,0.5179456118069753,0.29895696283498835,0.5705578977447067,0.3489599890404684,0.6900260256919136,0.9964153679630079,89.9532811581769,173.43918115259797,99.68117472796291,139.2834778396114,12.287143606731718,0.7532874777495915,182.70447455351874,216.89366524090164,9.684885642220443,0.08294762741650999,19.99095738350009,65.70601025642758,22.542317244085577,0.5357555593055471,27.623704965551763,106.23324080422555
1.9551704746271203,0.46992716431300474,229.65870221120562,267.5677372663555,0.3404502526672098,0.2792145307788696,0.45190455399564883,0.22613462379261198,0.5165117262980286,1.0,23.522888613513828,74.83414923271609,249.76951329390727,286.37101414768625,1.9497192307979054,0.6084813969761386,503.23597490122745,533.2356242141466,1.3353231079252137,0.095068354044003,26.65802849910844,65.23691179883383,3.45874513172426,0.8241599306222674,16.37846588216121,72.66022127828131
3.5433446927979277,1.509008216995294,182.5429145010922,222.74716853833357,0.4208383180575862,0.2821804741472915,0.5029346763468255,0.3389174234309247,0.503084032472281,0.9946877228436178,61.79022873401152,128.072815553846,201.65485037789637,237.73159850710132,2.9363087994185193,1.9303517570403894,341.98264617195105,371.76725879879484,2.8055541336214396,0.5547734988736105,14.773893022618957,56.152902809568296,6.406039044714726,1.592132493031797,48.930391823706096,111.68651043257739
8.165657968243504,1.219485978216692,193.68807428740192,236.45357560746046,0.39874441511997577,0.3217758527041977,0.4877863496302461,0.33141981589968905,0.46622932504120473,1.0,60.07227773449573,137.4351006802481,216.28486341031993,253.19934710250382,6.467943192163252,1.6117252161632276,361.0758768011416,390.68420379489555,7.516176050913471,0.6697030695296067,8.320661390986835,54.291054250047175,14.160913238577457,0.754133251853068,24.423337476202025,94.86760228390467
6.8231758236528535,1.0673762341882307,170.3430254664099,214.4603185985542,0.5114843476038239,0.332464474969449,0.5556159791565362,0.43835023149229485,0.5178307980587468,0.9829835843448389,75.8160164039261,141.72843920942097,185.68831914538455,226.267441876011,6.363722508666718,1.209851978249414,351.81234275724813,385.3043281613383,6.937655034823371,0.7748969819826904,11.894813433883922,54.66308726211102,7.724684301746354,1.101905855900764,45.422483151136774,109.84189566620859
4.846001596906677,1.007125894362943,255.1055990512859,294.71032424073945,0.42328525025972324,0.29990235149701294,0.515655645846416,0.2330160377516516,0.7020801188910292,0.9907255240414831,64.2780863656435,122.89828748586514,271.00789177508955,309.0279939703123,4.398019391315781,1.3142359031732396,439.28254279002414,470.1745805056622,5.391567538300314,0.680100871111187,132.13647734535468,174.10354608604047,5.21897277928364,0.6116372920468197,1.751683211847132,64.33426689664303
4.989921821840137,2.013513065629843,170.44231754694118,213.08863434801194,0.4464591670548514,0.30450062014739354,0.5372741190101719,0.3069116300855742,0.6514549119021544,1.0,85.1184988816045,151.41467578791955,183.7923027802932,222.73830133360457,4.2521651744938485,2.704566371007072,336.4893323586562,371.14226114872844,4.647433971293623,1.2697591303046256,66.19140245153329,107.07207727622956,7.881569846690372,1.7001811671520493,36.25909285888389,100.68407776011863
4.211671556805937,0.3886508524475198,162.29102755357877,206.21983025970417,0.43914575917704946,0.2781616805799002,0.544565601294397,0.32721037666513725,0.6433972760338165,0.9989679257033373,50.988628708221654,115.52002470888205,177.4686273961275,218.58798556208907,5.149735543190508,0.391875846983808,377.00039840288804,413.11936903304684,3.509353933997665,0.26797942668629204,29.192659944684547,70.24684715771178,2.9270259925226942,0.6365157436138171,33.849794918568996,98.65397110453726
5.187579168970093,0.9884619919627965,151.5911374948327,190.68252947994847,0.4131482201386308,0.27046450426490204,0.4891736546627179,0.26760180185795224,0.5942610759584869,0.943714370485477,34.11528482471442,94.99739210268669,165.68823981524693,202.16474596521988,5.292256674158049,1.4458179588998157,297.34425445531576,327.6142960405247,3.6278824052586796,0.38854981105328434,24.159493821239277,63.17180721491145,8.531836202504413,0.8690170507383536,6.995466376531147,73.41804700249459
6.624583488984206,1.1593178227514436,137.27252234425532,177.8841444515911,0.4537304376626098,0.30907347608446045,0.5736761167921997,0.3753247298117737,0.7011443472663764,0.9137938167851238,96.61189863576239,170.95974796901012,143.01284569133665,178.86170630795561,4.685961740968954,1.2346345051827132,208.10187458005396,234.41526579829315,6.010255833716179,0.5866830480400359,77.62780652221034,120.99000914357833,13.228213305005273,2.1681580873262827,64.90605970324334,138.70585142359977
5.161698722957996,1.5935796176757762,115.35168343817182,155.40332179557728,0.43891453596942454,0.30811857920199087,0.5475022738354918,0.34640232896400147,0.6349272926153365,0.9759520708902731,61.94673353570446,121.71671411620316,124.08456832788346,160.91182368025488,3.894883880174092,1.365602066377472,210.63491805232718,238.69151222058434,6.190931114919466,1.8386063494232114,42.54214687677543,86.50163017971404,6.561357407508016,1.7348199242673426,18.47975611019977,80.93318828150034
5.946392708585991,1.103818123150547,190.54222679696045,232.68534000675305,0.4885400459582992,0.3559349809700052,0.5520601581814312,0.3259855633931744,0.6735414844533176,0.9873212900024286,96.48324586815866,151.06603682252376,204.5899966759373,244.87523593686518,5.978626658406922,1.4352056365190429,402.9104186773735,436.024318498084,4.934783973245766,0.7866859480361124,46.408327184163056,88.07085002516766,8.402762803705487,0.8246870897700281,17.426509216415116,83.01111868332778
4.31849482420183,1.2498193126414137,209.59362552886842,251.53070145813845,0.45598168623626045,0.2932239781598156,0.5533693757768784,0.307783885187334,0.698432299549634,1.0,86.01779973967528,150.38704548076947,227.12211145641353,265.87731932726876,3.497679016963602,1.4917787840122356,424.1775535750776,456.9010905289609,4.772189619213015,0.849066332014027,91.32237985515971,132.24494496899078,6.005161365271196,1.3450604729729179,61.333996960709236,123.39455984494425
4.010497968639245,2.353013812286601,155.38405248518586,197.16359662827472,0.37914873498306334,0.3048070500597526,0.5546176844592701,0.40499714906646817,0.556357329778108,1.0,100.15299863032175,157.00944530355554,165.9602117339896,204.85268943513586,4.650619597656725,3.871831689800528,303.5998739563006,337.20917187100235,2.8295400743563075,0.5422132111427126,45.14428958446699,83.96928247080109,4.423097355023232,1.7513304576597255,35.506025922714706,98.6951950330481
9.063566481756654,0.9804810715195736,82.28826426730666,126.59470942856923,0.4379204846991617,0.2871263630818372,0.5361382999629725,0.35453915714301093,0.582904422898001,0.9874034825528,80.33518594227945,154.396948392841,82.70381284709973,120.67933943617096,8.409947903320782,0.638063548519843,160.2129431458588,193.1587984040028,6.114133054517974,1.471088690277869,11.000719167668299,53.164282126550475,16.298639535373095,0.8843459012530757,28.238742347021642,104.32149459542302
7.684112088144781,0.7283889152887646,212.7488300692739,255.3737566040644,0.44098317631537937,0.2987570611667553,0.5026583640176643,0.2808607418180522,0.5908859657152515,0.991596027221326,56.93973700578445,131.41798073756502,232.2249667022101,270.8682285873768,5.755509497168273,0.968383460673222,434.73463309719364,465.056682211576,8.403619156934568,0.43826412447229446,19.9122624749495,64.64992297901935,12.986995639861806,0.4911711533284233,9.283513696801661,81.92204688950049
3.5045342648782456,0.36449837002839364,211.7338675451033,246.36183340043084,0.3484279780403773,0.2528339032966678,0.4703621876828006,0.22288556101398202,0.5767582215274286,1.0,131.06640126515777,174.19801629192554,224.50138019372778,257.78344474134525,2.9169122377759944,0.3215920167051459,372.4341088281622,397.06332792284786,3.9944613440226515,0.330850027542415,78.30188986957154,117.9188817816902,4.417987660926047,0.6105343150242154,14.833860608290786,70.35576924286126
5.688875562737249,0.8198049243955184,162.52665508684743,201.91222583230027,0.41649689995920663,0.31553368465194004,0.5197263182486771,0.293731148188145,0.6376905933561833,0.9617832782152613,59.981436396701,120.86198346967544,176.98816028673986,213.34238821677303,5.625313446642134,0.7365860040998562,308.81114968438663,337.1881707718326,5.669303852624784,1.061069602450554,32.978135173012134,77.96726754255926,5.939731137087309,0.5877715374556298,10.911378395828153,70.27409747110605
14.684412431643945,1.3881574334625377,177.20238929717215,228.93639412080776,0.4488407370976591,0.32531169913098157,0.5607206266856151,0.38047922203204276,0.6120754334327619,0.998735227152038,90.83184945877764,180.49959300313935,195.48520429946,239.189439612869,10.54780956939037,1.9059143323687016,390.51427568406257,425.9459078752723,15.4759441131759,0.6607716900568139,16.531395269312043,70.11120820095606,23.914524397029492,1.297515645917596,30.21426692465221,110.57098279799064
8.223629756810519,1.7121619462939226,228.41822104576303,275.6993491622252,0.44613704204567306,0.33269539400816706,0.5830930658437162,0.37344607868283713,0.689110079506893,1.0,75.88973084645758,151.95103298339254,254.1976841780401,296.6145575304785,7.155784928081147,1.8126460062569025,502.3167063743044,536.13959391778,8.328744208154466,1.2826244560213913,73.85538508823352,122.30817764599702,10.607568957339103,2.2250499336184992,26.177174456919598,94.67909197842273
4.182874533682058,0.614429104736678,135.8273389248757,173.60967240535348,0.3970238003433367,0.2865641569434907,0.5223149462569011,0.335068204428929,0.5697758665063828,0.9891333312418541,32.910472572063846,97.49729387044974,149.95318332624203,184.05646945916376,3.188947159795523,0.5725238200219772,253.5740752438458,280.10309616943033,5.375207604655729,0.6724640518620234,26.54787348344302,68.57256759585702,4.90264690797466,0.631758501569692,24.913345216838447,83.5105627920988
3.9061806889893824,1.650151423362343,224.92416997615194,266.51287597708483,0.424600054398228,0.2904189284425102,0.48966916110514086,0.3153164574913051,0.4960327970784649,1.0,94.88387000289555,156.02887732228288,244.62724572967574,283.2528757732669,4.347364560685125,1.6384105434018361,476.17479316188064,508.28762069195227,3.542690598595021,1.676311250760561,12.343892651418011,53.76659359649029,3.275238562591829,1.6387555067306991,37.23747067232479,99.8957897048438
8.127872076580912,0.5957885774097457,129.71754048202035,172.22523115244428,0.45100558946468106,0.26929209170415597,0.5016951940431053,0.28520760526575056,0.5785810403134446,0.99738626783449,72.89894489718687,148.07379054319617,135.77819067773595,174.80138481743072,6.0119356504824095,0.804867607663486,252.0066394235017,282.72699723975205,6.003446173000605,0.4454939889103783,12.05818136257156,54.288289750027786,18.724825902639854,0.2815328573973669,24.486957990500926,102.52664803236839
6.248231893148327,1.7858326062205563,193.16205416100811,235.92025253199554,0.4517851055172048,0.2810131468068061,0.49615533574624643,0.2200566259432448,0.6859422363054515,0.9448776640368408,57.17779125707006,118.8816756102578,215.99152895509988,255.56906471593697,5.848797027932183,2.2132525288754055,413.2535389633259,448.484425707199,5.880978288044318,1.3388867152251753,39.554687184149266,82.5080182459061,8.962300532150666,1.4744389235718938,35.77444800466005,99.5303918689051
4.8408946729406725,0.6582488293435218,111.23362381303964,148.24069665141096,0.4404097169684287,0.3046539668279505,0.5164197337409266,0.3282618836568439,0.5833074007982618,0.9471179498785048,68.01543407941075,134.12446202865792,117.25797753348489,150.20841420488574,4.326614986095734,0.5739188079597114,182.9621443414038,208.24249819054714,4.896014002395236,0.9519086621969298,43.69831491132694,85.71613660308664,6.252348304961436,0.3722010142836773,22.67676641865856,85.46884212461087
5.910454839438103,2.624723445998342,217.83311294792537,258.71440066214325,0.42221661808984495,0.28616857473014395,0.46054905056823664,0.27779240741830463,0.46495854057725294,1.0,136.44555919120447,209.14368727364672,233.99093612021557,268.55564523191833,5.337166035724082,3.6821541766378743,383.7625880577543,415.20521606184303,3.2609655708686707,0.8842242759384078,7.542539901755128,48.74944630608044,12.672852102911474,1.416478769637227,35.89179421039172,106.23959101234404
15.801094577475517,0.8786959998864943,205.59189849965242,256.3931920371755,0.5462565692878419,0.3360449235903731,0.5743479479534276,0.31703422395339864,0.747492507930185,1.0,59.6198705355002,157.6246404146836,225.49717504021865,269.8616308947879,14.067490631635827,1.4562984852176797,424.9824213467361,461.42588211208414,12.198207523277539,0.32366043743887146,87.43570848892608,136.1236115704272,30.961998458893866,0.24431222471924874,22.825824835720656,111.1877600834243
4.735396220118526,0.5673335917985888,234.3771963024053,276.2303048401256,0.45394183655793857,0.30512871939995595,0.5243320901650423,0.3166611005546994,0.5980046196630779,1.0,38.6766797156867,98.86580631826372,257.64229267984734,297.31559487419315,3.767739036045302,0.9315555592114393,468.53202062109256,501.9282379738038,6.739014328195107,0.17953983972888132,92.50281747734081,135.24815693640585,3.691357705482335,0.2275173824036829,24.179372461943696,82.22423165017699
6.07328009333916,0.749141614902071,165.49374998792754,206.26636622143457,0.46961789754198596,0.3065966232921741,0.5273711527425816,0.2939427922842094,0.6466814496040851,0.9890356403946908,100.66231287801067,161.17503666867879,173.19248314473015,211.62096160582422,6.575446274910175,0.86786809177299,303.33164216811196,334.25312958404,4.905841875419115,0.6592990943578009,63.99934441107295,106.91763569003561,7.110358534402582,0.598718350054753,9.254760037612906,71.9039831712627
8.26275308082539,0.41292034911825515,149.4451520493008,194.2137055942943,0.44686186265609595,0.28442075882312345,0.5394504961859455,0.3865385921561213,0.5385436003236546,1.0,64.01486950340234,135.0160786394386,161.31046906956448,202.4355982269131,7.107138564360515,0.4579556905851044,322.7053270896687,356.41767331160963,8.964999949888805,0.1338896595893159,7.925343849869961,51.301774060918355,9.911496883029972,0.7483854957423483,23.066725834346578,92.11321921158141
8.160300183115476,1.9173317679447202,203.31348637216038,248.8186704387163,0.4393693098357453,0.34413147716675524,0.5842431825749265,0.3456106406752431,0.7434323422874523,0.9817624888489253,149.55299209250444,225.61261283337015,211.66138921061625,252.42209553271425,6.265673227391247,3.2690220025116172,330.8447691539989,364.0673828482587,8.00310729339846,0.689181056548628,131.19810806979928,178.8929104872597,13.837906305911277,0.7913680991255687,41.574900655702045,112.88941404389705
2.7064067891099044,0.24795219465600232,224.91755744814395,258.34679248163474,0.3369988907807206,0.21112443862167057,0.4046402528131343,0.14348833319201723,0.5046347531101498,0.9881070110824547,50.47295647601137,93.47069099133114,242.3620175453572,274.83440263066507,2.9929002309620163,0.38185833987571854,422.9454670328963,450.8642076161466,2.060535966010912,0.07566035668360706,8.244416620503662,43.78799874010726,3.350780226733885,0.08262009273429007,0.3564404487110096,53.86745469580589
3.4993884374914113,0.6565772147944652,237.13556364489204,275.6165564699166,0.45522823750152447,0.3078066777039237,0.5048609367729449,0.24496234741403755,0.6471392891977783,1.0,27.58628735919463,82.23490219296288,255.79406084841307,292.83547089183713,3.5605147818541005,0.952846412771369,498.88289178304933,528.4492979568245,3.7024786378045578,0.18310243978314938,42.19995528455224,82.62554910388732,2.6665903552602868,0.5389497652928822,3.278202260521739,61.74185916360934
8.411609964388695,1.162229025740848,188.871685957471,232.6469735812029,0.4770736637858573,0.3635833345977249,0.6101343484229201,0.40369637306756306,0.727177373133147,0.9953622250685374,44.88197187592929,120.97610389431354,208.23872352399414,247.66703207710026,6.156463933775484,1.6970484715954453,387.18719635592,416.6836367073001,8.637029627877398,0.43087974516245514,58.81144413058332,104.82248918294786,13.902789499132982,1.0108038989154482,16.433324929047973,85.45588608956265
7.189444765436118,1.0051730635886784,222.5339514302967,263.33521852775453,0.48257955399657865,0.32200206738006765,0.53880570753984,0.34230750751895683,0.6029558613410847,1.0,48.153335678944416,118.27800151449154,254.23951793054255,289.7092579847113,5.053819415707605,1.054695896644245,464.17521138323656,492.0229449463021,6.316577197961278,0.8048464814330099,47.721462990087495,88.64937561404047,14.704624436465101,1.2368184315594257,29.6803960023159,97.55978108375776
4.235566229930318,1.485115534735429,192.8461789266161,234.11692498158342,0.4130776540664293,0.32029362795772254,0.5217176240892428,0.34667517605277304,0.5495096342102277,0.9912609479566823,41.014118854981305,108.73286200525561,214.38264134812457,251.90189845340294,3.2570899446342154,1.871438378829626,407.0785744740445,436.8537785466715,4.699236032845613,0.9663738159958807,21.242871116901036,63.259281342944924,6.48507850884547,1.2384247806997735,28.54904671086774,93.97401022907648
6.952549457359847,2.9130305198195154,152.53191668843965,197.10284998972355,0.4017134459329102,0.3181855628922509,0.5339065127677679,0.35883846348739173,0.566887912179733,0.993147861784966,43.31895816071807,117.12770816023851,172.23951822727665,211.53445453038248,5.305282795062714,3.6795183975537897,332.66512709138703,362.33763249611604,6.589914421245431,2.5494845513649915,11.930768522182959,59.09572568401685,11.997995265857623,1.3916733971175137,28.185719576783832,96.5932467836082
10.42516047290932,0.9603119516199304,178.59046829693307,224.00834240241915,0.39490101612292183,0.293350521872776,0.47795944076584923,0.26376319178347013,0.5555630650942105,0.9653409390562643,41.27164400613497,128.27905489030283,200.8038075204445,239.49396244114382,9.182893500018604,1.2884767521533849,343.80433674103193,378.2418612249092,7.300506039529982,0.4766766914468235,39.466267581141686,83.30124201056695,21.831796116359676,0.8682487945523302,30.76051441162477,109.26630346485099
4.128132203560247,0.5682444889839962,104.9674891591071,143.1418784223558,0.4010208332666655,0.2912582506700563,0.5084514326702722,0.3819582732713472,0.5292792317654886,0.8462753126766139,93.46798268398442,153.68152541990972,106.39553244686743,141.833033370372,3.6079042493333913,0.5843257518799396,211.95852681036558,237.52951557441088,3.86844098998117,0.5045448272627397,3.899481382554587,44.45912085675909,5.646018415064176,0.6260066359671426,18.248526191050303,80.53296759061966
7.250190591461603,0.8953001064492776,156.21651890165367,200.32067686268374,0.42582846412073433,0.315654307737264,0.5132163604907293,0.3303891681735677,0.5440653292118365,1.0,33.08250235153843,97.59583989856772,178.20473614274565,218.664397749133,6.0271103792255385,1.262553647988502,331.6251006277696,366.2254239815635,6.7213001148487495,0.6961486059655241,21.351859945081998,65.09159935927516,11.131920474200092,0.3229281766116888,18.866014193105173,83.12481122377935
7.426477772318012,0.6221254459898455,173.51366775383104,216.1046454028783,0.4233836197490855,0.3174337306318911,0.46675060405859065,0.3046734774205443,0.44324159604495544,1.0,104.56269739697875,171.1683608650624,186.64718591704099,224.66393769579562,6.059048870670268,0.8535825928131746,317.0956595582498,347.4480152371766,5.760223905134096,0.24908396509926375,22.509611216372058,68.12276385558127,13.595867047474792,0.4063493239056918,30.69926142375151,98.3903615772473
17.290051251140163,0.5252056881628673,179.9903041240558,233.57700507722376,0.531258877874632,0.33638486761485126,0.5647155358730186,0.393288849294206,0.6088562091634139,0.9907142490286659,49.09296180018656,151.55855493372897,198.23660032677697,245.0098799457109,13.031661724799568,0.7064222873573762,363.59670765621166,401.7615135280571,17.866116874045396,0.37408066863202005,41.83346782712354,95.202174451443,28.085771760748955,0.3033788830346972,13.330037507660219,102.32335486255666
10.882978215332638,0.9786888829060992,190.55866679742218,239.89773551118546,0.4323238341234916,0.28602531100210443,0.5060307619699352,0.38912034973067305,0.43749828018150866,0.9938269622645747,45.041874762719175,119.17764522035974,215.7663000632762,260.80987713636796,9.956360992382205,1.2227185587592817,380.54200641005303,418.1098994154839,12.344798366433283,0.5777490586119367,16.537145064974055,68.09489277205891,11.552131725740706,0.8200623075918295,28.668670577926502,97.75903069341348
4.466614460474937,0.44401288873586303,136.20699096035975,176.0096387440041,0.38472623168872505,0.28857410200184164,0.5037811547139646,0.3349262938432021,0.5328638840255967,0.9521802787029877,67.42203781001328,126.220582882719,145.28278338991933,182.57902805903473,5.3164970732272625,0.46684843537811105,289.4706569512284,320.9213610760129,4.117324114530724,0.5169703458700888,14.0967165935288,54.03164962361326,3.073012148431484,0.26582535211336483,24.462156487551436,81.4799647266523
13.748469190447583,1.3982013229693786,198.8037313538357,253.74698998906212,0.4616120276143209,0.32372627816331545,0.5358831696646179,0.31074847604966443,0.641526794919357,1.0000000000000002,48.43309300088423,124.92124324533667,221.85324526195234,273.4940022636478,12.342774580291033,2.1252575914473493,468.98116018643685,517.6078578506681,12.588814579304122,0.4888659770469303,24.795227542677907,74.9050162572777,20.941226732085063,0.8422622679620307,23.305413937835137,101.01648950991459
6.49247222041451,2.253799993844056,231.0628808540219,271.94938105202397,0.4723432131210598,0.3436353573024187,0.5477424965333862,0.33397077151948285,0.6422713323209343,1.0,18.393486371641426,88.21990438046109,257.64655516431947,294.91556563596936,5.051978749896393,3.3371667921337265,510.4389850762063,538.1862150200963,6.749994834052512,1.508540801853791,37.02497553642013,80.4155113575749,10.327521028430406,0.41141140606776755,7.784926429324748,71.68004098671958
4.7378423051724665,1.0560192932273669,187.13132184321316,225.32711608254175,0.45452551443881684,0.3149628674027845,0.49004356262322335,0.2679666277264668,0.5807323164761484,0.9748968596076432,25.115388564767954,82.10648712282045,214.70850197571448,249.70509547994115,4.7270465785231215,1.4258007726328907,401.1457450207277,430.9443237853499,3.193874952794161,0.4043231035258793,8.808722710256221,46.123096095726986,8.61355112989186,1.1288416749416261,23.263878486664208,86.56355716211007
9.170524453327657,1.9329959845028601,99.67269131722622,143.63253294884626,0.4788194237267201,0.3165441506861181,0.5376268332407851,0.36071355425700197,0.5976455802361891,0.9483291762013266,39.451344390388506,115.07318101492086,108.53963810399986,147.83759090230762,8.367575161895349,3.0063251029879146,180.49457941141972,212.72281538385494,8.72447415236056,1.152070298365413,17.84777596647401,64.35736586042765,11.914482655266372,0.5647860611245759,32.14492045506264,102.16308982906735
8.61795125810698,6.1502555420016085,71.23242620693784,118.31372477117364,0.38967387289454725,0.28025755235253447,0.48229117906280644,0.3569108850632106,0.4785211547421571,0.8659721097028926,88.8618924221192,173.56478663210052,67.70653296390158,107.26351239898827,6.671402465979324,8.388942021996664,111.10562983175238,146.43877339822185,6.631008018412765,3.4501987344857277,6.130110159910016,51.180395924272965,17.075559248480246,4.282665436258611,64.33394514218071,147.66169934510407
3.1185174614377127,1.094505544826837,167.01164271442016,207.22910070112152,0.40777151251829696,0.2870115887689872,0.5418590012017179,0.3611157938062459,0.6181111868672029,0.9315842520571641,94.72804187615435,145.99686007459204,174.2400027982467,213.3523247637746,3.5630223897073896,1.94435357831967,349.7198649003044,379.5192420567016,2.7232967059936914,0.6128559093853543,41.11944045887772,80.87995371959451,2.921157858878908,0.2014619641436284,6.621962786853894,70.09873493224211
4.898800437517112,2.5722607562334687,153.6105001154687,193.94029668559762,0.4080098159421916,0.27936711139636433,0.49414856454677364,0.220486361298617,0.6689106905934071,0.9656109221979765,108.71016138051573,167.40474428442877,158.89289290781616,197.06212637985277,4.385197893537443,3.1842130950534044,261.96867133628723,293.5930635816739,5.146951575020772,2.082516806847958,71.07623186340419,114.89888155775346,6.185915405844625,1.5885532998984975,22.824761583087263,82.42169093057466
17.726373988247925,2.6197157939732723,192.18669593841577,250.92010999553187,0.49785711608663913,0.3516496809609278,0.55869906858709,0.4024728830827662,0.5723878811371204,1.0000000000000002,83.75543117344954,186.618080728081,216.0261938654651,265.0574355791558,10.733964762465323,3.9226430237590146,371.2729771591632,411.73328975240554,20.502498541817285,1.2870493109266157,49.74051326928055,111.38231311932586,31.398054246382333,1.1660104068859638,51.30822457318752,140.01223601184722
10.404202614470107,1.4056921589394848,192.2360834207009,239.7487332941649,0.4649211841220119,0.3243605717326657,0.5666951809416649,0.37016163793658435,0.6448430859201183,1.0,96.03934102518318,157.4514191697628,202.20769696169972,248.27955244120653,10.876512529024792,1.5356346684378108,391.50985434321825,429.88305215990187,11.450352086052742,0.717299564996157,29.910121320981677,78.4242867477498,6.957654744373319,2.306551092766306,32.52214318521087,99.32613893394448
7.969775448111084,0.6083042572460103,155.6714313605108,200.44967892062493,0.43723364633316564,0.25526697987416336,0.4927176632945674,0.28365510695409013,0.552670329452567,1.0,104.94832462376974,172.9744504072235,162.48498301171486,204.14038125824595,6.324155522411564,0.8664208074622198,298.1157153053539,332.53129555960584,8.326766202271518,0.28931921690455736,44.95246518074763,88.53990214959636,12.313880870977103,0.5034852853979277,20.37625751636955,95.26605306904548
10.86326320062713,1.487007676266852,169.553760785462,214.08640861292002,0.4233307136430315,0.30909697495375826,0.5187934835393323,0.34893716940911707,0.5329746965043213,0.9999999999999999,30.97913092914185,113.81490245459419,190.47068604679336,229.22173029719565,8.13736462293922,1.8287887356190116,315.7049236067968,347.047205636712,8.119997120455626,0.9833540208301657,26.200350316328283,70.68128747346938,22.01369287272097,1.3488987398130803,23.193808327648203,100.24449330223669
8.86155454008383,1.6494569299323913,242.64144191909068,288.4973450054,0.45419925896217744,0.33446470177300686,0.5783846621300581,0.327443849661196,0.7439882118983804,1.0,58.42314929659779,142.06122560159187,269.4811931621029,309.83240875959723,6.229008295260167,2.3674793057175667,565.281535443153,597.9650490084749,7.8161921959047564,1.1438701352308085,91.19826994632699,135.60322497895717,18.140922531910224,0.903265450194931,27.046064845714465,98.71674848762977
3.4791970242779504,0.7975481213694379,183.05113436813738,219.92547138818952,0.39699833208209684,0.2841433707861112,0.48250766358846614,0.1890812938743971,0.6639010499538025,1.0000000000000002,135.80528298068924,182.16832968911774,188.0573172966087,223.9262281245151,3.790180594128199,1.0525773119255366,295.40461399116174,324.36900057046523,2.9228170239315396,0.6691732157021761,101.22163181426134,142.51741154569925,3.7742009610068097,0.029206257883903287,7.435512276459928,60.57046984978305
10.579608883553616,0.8554145648289563,174.2683093270618,221.97627806889787,0.44456866666594347,0.3236904301604343,0.4941918651619719,0.2354867285706342,0.6490569811136381,0.9605770430326523,47.10043772709724,107.71502782357719,186.4624887955516,232.93283631159977,9.27789571515544,1.3073151821528264,339.44610281719497,379.8449050446922,12.568744597286969,0.344596289185256,68.3732230144544,116.8134505394018,10.58151362517405,0.3077586188030834,0.6576768067649255,68.62770046483864
9.764652387843405,1.098277319640869,206.07602617292994,251.2290428132059,0.49656583458939224,0.3389267269489825,0.5339061392932285,0.3044613593507001,0.6450263788536353,1.0,113.93374521047039,186.218103806212,218.2000105100957,259.78311373517886,7.840602045188607,1.6258996482106163,432.7904339276313,464.5108461466869,9.210064406107351,0.5740319334129615,38.9966118901676,85.83081427878493,17.101527140594143,0.4812490586520539,26.400250198380768,99.14871895677445
11.415621933502647,0.859038193044394,220.82729837200978,266.1289145345036,0.43530565184359044,0.2917122003325251,0.5159489602968295,0.27313432199893467,0.6485351305034786,0.9792205347772157,77.86539906333994,158.7444290021783,243.54971945418248,283.1966473343434,8.669374389739149,0.9076747591408809,458.2016074299115,491.5112733122203,10.266242538704397,0.7000743773072396,29.721595594514536,75.32986955652687,22.878016451484985,1.0703269864035685,15.707011148490775,92.96786867535965
2.5959386759915266,0.5310920728986743,139.580458259955,177.02672346266428,0.40021687553227286,0.27976236899169477,0.516400105381021,0.3400560166832202,0.5392161174885015,0.9998003472594622,87.09546921121476,137.92767076012817,146.31839604323926,182.04619644474664,2.6787769604674128,0.6569729772242373,277.85026676278306,305.34100947157873,2.4978707905857482,0.4299820989540401,17.242271330576656,56.53106296765797,2.5401729307985796,0.3688429254370663,12.46789490820966,70.67620020572825
4.395805603509291,0.3043533181826232,200.14467918135625,239.7505156940781,0.41588865923799856,0.27730918326646364,0.5290840749807127,0.27873998254556903,0.6691422511237848,0.9999999999999999,183.74283783379806,239.58223391656847,202.89827298423097,239.77876737935352,4.137359892201096,0.2973529174343853,392.00571309260056,420.68310306247827,3.516946231066611,0.32159197144239116,58.51698060960817,100.02888447149236,7.423950861976384,0.28480563568166417,19.391279270655595,84.22163353509707
11.648063013137483,1.0824011020387758,188.86082414134876,237.12920137401207,0.42372796112599714,0.2763138698192406,0.4991411767764879,0.23967604073113877,0.6522108545068432,0.9713972294518248,80.58343565629002,155.64668125402088,199.46140762939646,245.1065110361091,9.322019755364321,1.733364451298039,390.26082154295295,428.47565063492334,12.717382732738848,0.41886579181884415,52.44997857169858,101.4943211193062,17.969419457037453,0.26305477698451357,17.289463304989795,90.05065919763038
5.853139953075258,0.7446444992028457,207.06673958876962,250.83892826112827,0.4188910245662377,0.2856047152326872,0.5097586065549856,0.317931227617286,0.5616200448718363,0.9815178667343833,81.26278634052333,153.15242792129376,228.19412105030713,267.24429473041346,4.072388420270416,1.052428740077744,397.8076608891374,430.35492358716317,5.321022611182877,0.3700452134588253,67.44938341893675,110.29099373172491,12.61618756466437,0.40768955497952675,30.68580428596279,101.60721882602141
3.0152451405012077,1.91414881738065,215.2484894687697,257.45978682845026,0.36650671011833186,0.26474765522332644,0.4756443263675039,0.24253844829453422,0.5684303492992865,0.9893899147228481,34.66388659316658,93.20504522526058,250.09814967283347,289.1580702957325,2.7131195364136094,2.8293602000670743,492.0290068050312,526.50753319295,2.8665089840189104,0.9393598393234793,20.85915779679089,62.82180984731802,4.425933126453259,1.0260328008639448,23.002389585443467,83.83699160059264
4.651978125458396,0.8021806202182706,200.85997039272985,239.75201194941823,0.43523909855083426,0.2944950012138316,0.4973763201535317,0.30141069222120204,0.5452263602103388,0.9895731238369069,77.38044090298949,131.31749200397633,220.1798967754783,256.7179572470044,4.582145247261314,1.131327011139528,409.18378464549477,438.9015175347092,4.0675348327842356,0.2804339221071217,4.043603784220074,44.908388431572284,5.915610039787449,0.6660832208512737,11.458837934911806,70.40774504334047
7.200230835840539,0.8174095679794722,155.52122335705806,196.08257593883872,0.4294954531878315,0.2914266664039303,0.5368144390214681,0.32922658400063504,0.6166034410634518,1.0,55.37986705671654,126.89049875115957,170.73256861786945,206.59276487873933,5.837150643311636,1.0264986579115896,305.2433615991763,334.07652506471715,5.547674597261096,0.5541005343052677,17.813102882354237,59.68074078343657,14.448702869658387,0.7068375849872695,10.59482661097175,80.87777145626464
