regWait,triageWait,doctorWait,LOS,ClerkUtil,NurseUtil,DoctorUtil,doctorWait_mce,LOS_mce,doctorWait_normal,LOS_normal,regWait_low,triageWait_low,doctorWait_low,LOS_low,regWait_medium,triageWait_medium,doctorWait_medium,LOS_medium,regWait_high,triageWait_high,doctorWait_high,LOS_high
16.456453559168246,0.5115578258036153,327.8206183398868,378.05275036774736,0.4723971180186308,0.2869105715267738,0.992040773383371,129.4867504738248,224.7756622746118,355.5596208386368,399.49010534580833,13.493756520521142,0.6042006962427147,683.4105531512563,716.5222753612461,16.0701760160147,0.3331118674875865,130.14400047381832,181.28957874663857,26.76528839015229,0.6071281803848771,27.312688887145548,110.88649458231156
5.436634950256306,1.081810686701779,351.23224758514255,392.32345088225577,0.3972212543345934,0.27693948058217127,0.9535024462219011,199.42185993965083,268.04056338264473,377.88597976717557,414.14411051959195,4.328155191580965,1.3618468343203987,675.1719866018268,704.6475430701687,3.943567358652637,0.5804720389660015,68.26371394601826,110.83345501884237,12.660053505844285,1.149178625049982,39.177725008063796,110.87469242759558
4.582895247836934,0.5046255881621036,295.06465474001385,332.81413229197534,0.34476871923148017,0.3076169551546039,0.9652733512617768,165.96704546829105,232.42224258261817,313.7615498759185,347.35364735333064,2.488370193449219,0.35581440734050224,551.2426135322474,573.6081211813143,4.74416952266722,0.6294799050444192,131.24137849543047,173.07269303662676,8.487647043580177,0.6209073105298684,17.940621359629894,80.36010897179331
7.409724991930028,0.5490471796904569,298.11040171582215,342.78206375237977,0.4378538226137071,0.32571735050033573,0.9772746369137372,126.6483075600826,200.20460977156958,331.2501341997047,370.33905065623384,7.051748171104758,0.8286116051180588,836.3218021009342,863.3195627158127,5.896433537478958,0.29943850386200815,94.76403004597407,139.72165227646596,12.498898827563853,0.3173329718705222,35.9684963100153,107.68565618287197
7.91430548178684,2.9941250366948466,289.36863814680873,332.8908783520663,0.38600956052983143,0.3074599894673505,0.9708603104218495,123.43977344638193,197.17475154246563,322.0103820223025,359.58913280641394,8.291822189486348,3.845775086005407,703.0454804257419,731.2846985943962,5.660068813347015,2.408243361189185,70.46399796523365,115.24005980471853,12.80729446129175,1.9182813171271915,31.540680405380403,104.51915525678271
11.103129519507563,0.8438489217108152,333.0005256711004,380.108187630854,0.44209821136168403,0.2843223997642519,0.9879326488409007,100.35255296625667,196.65648161879858,361.2506366424027,402.38446621803206,9.209319720866292,1.02738184505773,617.3413571421027,652.0348501826779,9.516823019793659,0.1631316452459808,64.88457099782673,111.24080443384281,22.131342617571946,1.7183465774570776,47.08586502161487,134.08231000466026
3.3211217322139683,2.6823025854372107,402.35304380999725,445.55298038675534,0.47088813601308294,0.34138599989085505,0.9849108555320206,136.4315250904669,199.01871643310855,438.34242228331715,478.91851986920375,2.4365687103001448,3.3388550362306813,980.6176108783043,1009.163733923027,3.906615267090358,2.0444002483491173,134.08132609832347,177.9275639287416,4.767594927247838,2.026596813866835,48.13548257199156,114.00476442717762
5.619889658186762,0.9191507537585526,228.33204220475338,267.8847764702471,0.34905472720585945,0.25567270738401565,0.9205963355321481,50.052018440207384,110.71855278394084,253.23881023068256,289.84182242642225,4.2031338607738995,0.8344739674703421,401.6956089680803,430.5786524775758,6.177481044639099,1.1211439212331604,76.38837099270562,120.02791649541508,8.537190694719577,0.8085231989486508,13.536801192297487,75.02294716749888
4.09855690092037,2.9917022639987914,298.8806770348835,342.06379976620934,0.37129155295154215,0.29174997637455025,0.9999084603454581,146.13830389523545,214.45031437961754,326.7622213381526,365.3583248764601,3.4843824121036766,4.1396292922417635,615.3983042249382,650.1888015450164,3.5771523727040044,2.254960953581788,99.07115542822133,140.80212121013878,6.939852125862058,1.1607545466087459,57.41563100027867,120.96726896054716
10.245247498645213,0.8108065658450829,345.8068557449748,398.22376770355874,0.47021416711233416,0.3004902626520982,0.9791677673347473,141.85063712556774,218.78547738036525,385.1668277592464,432.852209695754,7.897860988841222,0.8418772445942492,838.6297626855448,873.7116200734893,9.881374027111812,0.8636883922792484,290.1675321446412,338.02270103510057,16.40551750725839,0.633136485014396,20.58521394113771,97.47951751282258
7.874958231795217,0.8783480237041045,348.50587509316534,391.61772501188454,0.4781478063309198,0.31043906307686453,0.9965648398882757,45.03803165551911,120.66852941848428,384.3319399434431,423.60478282499434,7.202160569151298,1.4166001637143717,775.4880495938801,804.2034388630904,7.522968724775298,0.3977352015909749,144.4700001525145,187.66441605923774,10.88545793105076,0.37541496895441545,19.494300080701166,90.23839668432693
3.8791036872410958,1.839341765193467,326.1032276605122,365.9159921949424,0.40510684199566893,0.28537206617564614,0.9971743166254158,155.21396461587898,215.79701970409238,357.0614274874385,393.1114582258935,3.4729353541082277,2.0958165941172435,564.404718522224,595.687233496648,2.5286978689953377,0.9676777762658458,56.869351303806454,98.57355201554739,7.21935651365585,2.288893731014285,48.144993179313495,109.15185718927755
16.981807233993443,1.364241135816081,351.5927697535807,410.19456350271645,0.517281212512097,0.34496875664477394,0.9982962701400905,124.68964001185073,220.0323607908118,397.38973171980143,448.57592551796324,15.04901056366687,1.5342899802296823,1150.7311834529635,1183.7882722261368,13.812579029554799,0.91280931338072,187.45079410950515,240.0201634333933,28.6732253954823,1.6231903666986347,68.87259140162429,156.10193900384755
11.207374417471117,0.5692368107737292,390.34343845210475,437.68983742255824,0.4532337320704507,0.274436691428521,1.0000000000000007,122.9619218334753,194.80683351293536,435.8973264686119,479.0699047553089,9.14567822164841,0.767948995451455,760.9618384969156,796.4672374165606,11.188334069314951,0.1733851187820695,124.30912811291908,172.59896075796632,18.761359926610762,0.7360230164289631,56.60855729490307,131.07922588519952
6.129859154410743,1.350493555965755,338.9144701538934,383.98730036618116,0.4460075055636312,0.3439827041713303,0.9949125879178843,131.62407532100534,188.5430366478391,374.26632043547113,417.3188802251232,4.427756844009402,1.445756279505528,669.914559756671,697.8581534443633,8.61971770432729,1.4758201109679634,228.45424591316535,277.1675068630041,6.939660961530503,0.9923693504322816,25.60869267286088,89.20685498256988
5.1992214179074905,0.8915356745281945,325.2195262202305,369.70895378670275,0.41613035461323505,0.2933701413766651,0.99581323326959,82.03632514833579,147.72996263923554,353.2791263439106,395.3219143037182,5.5249859431,1.2154774901009084,810.5774381470526,846.4908315762549,4.8848744719732675,0.4917617769599419,75.52781458577614,118.33526056254394,4.973497029849241,0.8461198803982519,35.45804537861288,96.8743666814115
3.2649552011867082,0.4704825575148235,245.97590463276063,281.7618650872616,0.435473073360373,0.292131430659582,0.9778349453490588,93.40321512933383,151.4364778076797,261.4263035698165,294.95937265987754,2.4634676724667486,0.4979783575521279,439.5174009914458,465.2395124922132,3.9753213315330664,0.34767679243068983,65.64400878217363,104.8337716472384,4.450417932614426,0.647658139053394,23.079740478302142,83.72965331580289
3.2103436309213835,1.2899891973993904,340.8553468225403,378.7096925044452,0.34780426931689823,0.2824241142494707,0.9904140572182153,192.3495953116899,253.05222890364405,356.91002266155107,392.29428316399117,2.9231470615820268,1.8139784801780674,626.7345422974611,655.8112538052907,2.781363725513188,0.6682252354008865,72.60146895718549,112.19665513249947,5.238762928598034,0.6944434560595159,17.013928803939134,78.8020796644305
10.88475438590374,0.42114790842081284,397.62926402306294,444.865577602331,0.4939724362244016,0.3094015400452547,0.9991066277859041,84.73201050909705,163.78463636098047,446.5194598846201,488.78447467129206,9.437910726926537,0.624461943079197,975.8086110843719,1006.1126121295592,10.353525312537071,0.17782919908887515,90.59204209443341,138.29248178721383,16.940949913312146,0.1771468387904461,16.836233343823658,91.7465799794237
6.258437409197649,1.1518814603492729,328.6745936713892,368.00729428716744,0.40529544532994377,0.2680830463430245,0.9713858955907143,146.98530742690093,215.20474979980165,354.80798415861,389.985742466857,5.160568266349686,1.663467998824521,612.4578765397354,641.264447019116,5.161604276015821,0.36180241364509574,74.13521381027559,113.9820170519029,12.517978720282304,1.193691101431939,53.478303382467224,122.85708745605592
9.456812985953253,1.8933099313038508,337.4393479797629,389.0666094880305,0.5025407224153368,0.35123293263070693,0.9783090882905136,206.63081605991925,283.0334583738597,360.79801439402064,408.00110075841815,7.655292352975988,2.528647068113946,879.6299649585808,911.7431406338736,9.794844036906548,1.4808998460464722,321.0900574180319,367.09906908142176,13.512625052975276,0.9687242010868345,39.918771747414816,112.80550949175942
6.505385070383136,0.5053681276300495,264.74964332368086,302.0851562626168,0.4301390162134736,0.269100952309824,0.9245203084337378,119.28814086952936,183.37295471878642,286.0839970169564,319.49627915571193,4.477162035581457,0.5925553243297953,448.208219097669,474.4887267176856,6.468332150766783,0.26171014396248893,56.97115422597068,97.73104815606399,13.383232109362003,0.6651759369492295,33.858764645192515,101.67542273093113
5.129209876448301,2.174745136144553,321.2685582601936,361.8861237926626,0.4244367683502022,0.3389820687105649,0.9751197024154631,225.60045366111754,294.27893966852673,337.1032790214199,373.07627840631267,4.325724155962192,2.964550425849903,676.706905820524,705.9350867529978,3.87223230363821,1.3261907429723243,79.7128392956576,122.01646021636441,10.160526522597689,1.6578701831260751,30.84839497506581,93.25866835053378
18.75626668562751,0.7708101988534646,233.1031512944475,289.1202711103524,0.4630649827870749,0.3041132160566353,0.9663053802729066,133.70276082688673,241.63462301961547,253.32017986412092,298.7783690271125,13.549444534508009,0.940905234795167,493.0053051659146,524.334865554225,16.98033699160938,0.5313709458214715,111.67858210981208,165.5521593130743,36.65941740700198,0.6699126425718052,71.60300973395664,164.61658346299438
10.461073105237459,0.6549438776710778,303.1371608299215,348.76370217913046,0.45637082616876357,0.3205092830245253,0.9633993010197884,154.73431321189872,243.83661079376955,330.6634954687484,368.22598525867335,8.496319971438497,0.9917385130482016,698.555854946664,726.6267136015965,8.146188432733455,0.19736376663940125,81.17852884138125,123.52846264379428,19.67492504017878,0.4470352048879741,78.59299047292124,155.34437683631987
7.760420887214754,1.0185596564247859,317.7765060144075,360.55024381250564,0.4424906210853499,0.29519204835774737,0.9895293720718409,147.213614582287,216.28735485480064,340.9823415834035,380.17784775232946,5.930343861923176,1.542613158001982,603.5915304837856,635.2532288880851,8.512859132001722,0.38547116975050155,79.13662324802391,125.94006437279792,13.316536652765501,0.5759967382074175,13.341737846394674,81.94672977794325
3.01786988597962,1.1302142977548115,274.6698548699532,310.90507100657857,0.3941255343511813,0.23165636349969004,0.948998660903608,105.66600057807072,162.76685183275865,301.2276034015348,334.1839340196074,2.5071886919225057,1.60313648235292,472.5504868087228,499.6956558347309,3.0956575343431765,0.41320741671472266,72.04682833208481,111.97081151995965,4.91870704206927,1.151269966340037,14.052510647345132,77.24406247599252
4.584371982394197,1.5398937691856205,259.37417706023376,298.14281545097924,0.4108577748985153,0.273121400150245,0.9887059510686701,145.01622136951008,203.32687431348947,276.37333263588187,312.23707697141685,3.7030402455295204,1.4799752133276611,438.2558281288143,468.8122806277958,4.271123681493132,1.5265009356804333,48.31209898753264,89.72101528012689,8.599855507023763,1.7927907440288482,31.607162562315192,97.38268274585212
3.2357570452838162,0.8391593217694244,381.4478352038315,420.16257123524576,0.38638171315192393,0.29015719447499244,0.9986698623125432,125.02300808437882,178.27909900790584,420.188276711087,456.70611739908827,2.207470151594243,1.243689863337172,771.4016497468479,797.7124859853839,4.563105612217804,0.4423627137951217,100.24319166606085,144.4595482700812,3.7822347329988637,0.253468677659765,13.793230813375189,74.23250628552034
4.1118895974541125,1.2155370376336658,266.80410660100665,307.383285305263,0.40436929772129715,0.28061354027028074,0.9848905866508084,82.18850314699891,158.8789578501021,293.5804154989162,328.9220808903627,2.1361834060646983,1.0606042868611187,576.2501389585291,603.6572556439526,4.751533551484316,1.5388018492002695,57.01708002604761,97.36812832000093,8.797923812898247,1.089576170525195,33.64947784637056,100.99224618143091
5.290963892758859,0.9244156203607818,353.2675140206491,393.9730083514323,0.46015644018195045,0.31826719260606917,0.999999999999999,69.85111599610259,121.5102836179475,386.268053516658,425.69812013546823,6.268371212354224,1.0045997458405196,812.6223630393589,844.4175084009347,4.614961788909068,0.7608803000869955,84.4643992496069,126.39233923207172,3.666351277477451,1.0594673018331378,10.927113139802929,68.53746097555053
4.727166680529567,0.9681653153095476,252.41834694691534,288.98422739785633,0.3926617238842172,0.23880172231370567,0.9727951824260997,172.63318875974448,227.23782171355734,264.12017014770043,298.0403668982202,3.9334588956009733,1.0397144425764375,436.84597365241376,465.453065361247,4.98424102006915,0.6743522024845201,77.06073156014838,116.27396183309611,6.772186402243266,1.4012774092614109,17.0770732563314,75.41014449955568
17.91890515934864,1.1804653697889245,393.65359164085913,446.07342658936165,0.5265357197514501,0.3043809464313941,0.9839966098288807,91.2463292859115,192.1035608131664,457.31827845242714,499.54076675277105,13.96134209053021,1.4933164291153886,864.687665612705,897.3666387505864,14.806334209678143,0.4395162790895711,76.82681361135798,127.88347773674724,32.83154493794862,1.5702827683462386,27.44998524078654,118.80597710740504
13.239883972767556,0.8298518792425921,254.70025861071485,300.2012344706786,0.4673225183712388,0.3065780970013872,0.9999999999999996,93.90589440434383,184.61609310553794,283.7157829787818,321.0587035892002,12.43742924530705,1.2647275714171653,604.1206955513436,629.7311836920135,9.262262938453384,0.14371369683698687,95.92002120765022,139.86908510477176,23.136316777369252,0.9732016693829577,26.07726725547538,104.30225529189107
3.867799558913635,1.0696560857341861,320.20257222884834,359.39466714483166,0.37709269362101666,0.28649108532275047,0.9909004250403979,142.65439482149046,204.1163043054421,337.11192245812055,374.18308265334497,3.5555735120558323,1.4065888037850438,582.116193845735,614.1972391569234,2.750347418987596,0.613103415209162,36.03287598218882,75.4467332094297,7.761721816006432,0.823129980680886,30.829501859333273,95.47172729683162
7.741578857787164,0.6137706519941183,320.9462277350408,364.4246804329506,0.4453455710836354,0.2818991893280656,0.9789783528317119,103.86280865498762,187.61855509100226,357.9682061828019,394.5776630494069,5.993567775885974,0.825117616975642,638.4142756157257,666.8267250362262,4.861139013106329,0.10867648017353086,52.0451531393162,94.51888996561262,17.05211541362839,0.6928038819727296,56.29788293585028,131.7698823390159
9.61279726326572,1.141867190988771,339.75460267399797,388.917258568042,0.40857794237129824,0.30589922175226597,0.9871696400277715,114.35950813134642,185.47826371433146,381.0770366734841,426.21440762455563,8.023380165569126,1.4440883713680497,599.2091242569892,635.8836889260173,10.817677782994965,0.6679677941274769,192.17630323634933,240.73252116661533,12.842903218931266,0.8494079662863702,54.32485605534297,127.42984887721113
8.66629895612585,0.7916721233717169,351.8849514649764,397.60816508015495,0.5212073466565972,0.3490111909671831,0.9848599191027994,142.181292403684,208.4669524380885,389.4438157744616,431.4842031653011,7.895016333800147,0.6536801476735721,814.512555390895,842.5481397555063,8.836215284411194,0.6294359378954368,114.30158605314973,160.5833211067304,10.206864054382022,1.302742606091854,45.98904190824703,113.82700702166493
4.620786810360241,0.98962971185183,456.29509488077423,497.2318312199252,0.42507570245426685,0.30409197193299364,1.0,91.2326429319034,140.60618774799732,489.71630527045954,529.8806577349609,3.813227639444218,1.4926973371116494,908.010135150473,939.9165473514684,5.815736993751012,0.3359850320397221,179.2762148069364,222.45965501840763,4.601007670040371,0.7278259070423174,11.046919782322174,71.20720965110617
7.0137681134798,1.155508371798093,372.1780604468375,415.82424090204694,0.426012566355453,0.30675221751575965,0.98994500158447,79.96282801846685,149.34138467018002,421.6298690116388,460.9213396489781,5.538901308220623,1.8850010570349571,892.3070618115436,921.0169958892786,6.455648965769356,0.41080551043179825,141.87918877199607,185.02433446240306,12.50977826094843,0.7337983398162713,36.511671660995844,105.86175530289358
3.5945106617344544,0.9163083709809584,277.1298034192218,317.3652606901271,0.40078151083139996,0.3054729605523898,0.9980841366369474,100.77980118926853,158.4241798610441,301.76693608370044,339.5702646294843,2.860443410912307,1.1911207197296274,594.1687970554616,626.7967513221033,3.3696447548499107,0.6299401351928017,81.16906627377939,121.46809370895247,6.251957440527184,0.7024050315150362,16.33344021703203,72.41327545740462
4.669728053810083,0.40502389623749785,281.0556752714482,324.7352055826481,0.4536629783546368,0.28771655144784036,0.9893707876014893,71.55778236620272,136.3194384564528,310.01066859981546,350.77640916919535,4.894035705797425,0.6092941824259798,671.0566358824434,707.3842118334537,4.041420409128605,0.24050146422373583,46.15026042364044,88.40966891609554,5.379779360628041,0.09025716654095434,37.17795963043024,99.17599040445678
15.830053723342141,0.888370187491194,344.96457481522833,396.617247667054,0.507359452877567,0.3198632223423345,0.9725801423369892,130.38148688275106,216.8536904422949,385.51570954262564,430.588313599292,13.740791834339012,1.3134000139026945,858.7319205761396,887.9456111604733,14.146221966277096,0.1960028539152587,117.92189537676298,168.8983586731922,25.11056084645906,1.2044791283032321,58.62052362496378,143.96414885543808
10.169487820399556,0.6196123971841102,301.7582391138209,347.07921451509156,0.4446440612803334,0.32390060388459024,0.9952709747150835,131.9671452543167,204.24518647866353,333.4356819980567,373.7273540741268,7.592616655734029,0.6391967381624496,644.6487077639077,669.8503199621729,12.53008077116113,0.47362934203156193,133.12099836876052,184.32305775439016,12.490441333581998,0.8499983463035505,34.097069667316255,102.9148358335771
4.020896794410284,1.5360680245024443,403.7478839079938,442.5434359840585,0.46263505089509,0.3135594817367977,1.0000000000000002,144.3311013865508,198.2879579185412,445.40605336399193,481.766943410638,4.234693916840828,2.495976271611639,979.6357988151601,1006.0566778621411,3.369860407910856,0.5678113983375165,113.03141932188251,152.24417823199485,4.971785040269056,0.8532845368968917,36.16717324082136,97.04691167499234
9.502518549874825,0.8221941930392436,368.3557251472688,411.015979833646,0.4879939721710343,0.28605398712412516,0.9995706254158385,61.02209486107834,140.72190216687287,411.3394496628199,448.81934733948833,7.167161707259152,0.8186297902595849,853.0014055199227,879.8579101967282,9.721249691027682,0.3983578767048341,83.62745086271934,127.89940721325974,16.680098470274604,1.7742767165269697,41.99917730255683,112.62760566964401
7.014062154131968,0.8604726893326783,339.66641937410395,384.4297749005289,0.402380032751941,0.29155962645507577,0.9956643533881949,129.9344583487009,196.28013838564743,384.608982450976,424.7475541537179,6.823049098252101,1.0691319712267051,875.9960865806426,903.1110935662035,4.640768684971392,0.3082636214766106,128.79496283459787,170.0673687465545,11.237316868463386,1.2616698796709407,32.93023417606745,104.300898460322
12.055351273671631,0.4131088145133859,286.6888305545908,332.8894901815506,0.4530849436784813,0.28792005814988675,0.9994045512057138,191.83467062781384,265.75601149412796,307.76753276054137,347.80804100097794,10.258419714441802,0.4997872143120475,559.3088880657268,591.2922398510141,9.009370496278786,0.2766503109443651,93.88640528988519,138.91286373868576,22.28105567589481,0.4567293247433161,24.097983549239675,106.08863492812904
3.0605573265389827,0.808539465499983,361.5315596160082,398.9360207787102,0.400499048647912,0.2852151896764451,1.0000000000000002,111.1149636362001,163.90175467595483,393.2745084021811,428.7290967635664,2.891804720710562,0.8736862938281749,727.4086816352863,753.4850806401745,2.6901391757019004,0.45281739708606566,53.36484005427784,94.33400783127482,4.464200725755973,1.3531648286699098,31.342949780517674,92.7625725901618
5.954648045529302,0.276538167040812,360.0243951532013,400.6023388044193,0.40254881837678735,0.2487967946709697,1.0000000000000002,214.6711616309929,264.63760562543365,383.7115887642279,422.7595545817355,4.779643464521109,0.15483307770661955,694.9767484698907,728.3499990390136,7.958996889159073,0.2540020888626083,71.52530488394095,114.03526793461312,5.1340555207244405,0.7860794086154689,34.95792866279236,93.67613857956648
6.263815001951588,1.0301611964805548,275.98423718490534,316.81945851124755,0.44227082987445,0.3045061860696671,0.9961412294558855,86.22251906880655,158.11390794470177,304.04758986404676,340.2899976795395,5.6934692132788545,1.3335818897110014,545.715526187677,575.2276704610856,5.9647129472708125,0.651215736983139,93.67098247419,134.71146851884933,8.774070419401236,0.8246583737646537,29.469064404273528,96.29374294566121
8.668538869369097,0.5618094444108458,312.69512816951766,355.15573705017584,0.41765537223901783,0.3017684809387963,0.9997420877138269,142.2974392728171,214.33693737403584,347.0289908576588,383.52967429835354,5.891318861128462,0.3888622396947374,637.8341606869988,664.358006764241,8.8412836007015,0.5984450221419555,126.48347454131307,170.46491061661087,15.473172540115266,0.9417086830854089,50.195483452897854,118.41115790426768
7.342157773158998,1.4915305089085185,254.94551875563272,300.05650159615305,0.43801652714509615,0.3255737314684836,0.9983418342851662,159.16228307867598,231.72854532696138,274.2631461190525,313.8369297512841,6.855164075391875,1.5328231464430162,562.5358287303467,588.6923153174354,6.837354703907692,1.4510027979386555,186.25189494706393,230.80034186437584,9.400391248905184,1.4634023054617826,34.780190068976104,101.8830426770432
2.5598603616624196,1.0407631236771284,332.25067372225607,369.2815219490422,0.3613809346349268,0.2893094263275789,1.0000000000000002,108.62410525771054,164.12203380323032,368.37496555114404,402.42267003413485,1.9213489774459644,1.285888143405973,708.2663669964701,731.7205969969523,3.363008080520121,0.5843053346540394,89.01656816392642,129.4765143561695,2.9599232662871637,1.13551215719282,40.04193321363374,96.2830738501471
2.464551334423319,1.0730384134409092,335.78410976695943,371.57340833531623,0.37680953184162025,0.26453192339012815,0.9999999999999997,158.99548274486105,208.3210175837357,362.2422716342122,396.0057389239881,2.512991275560846,1.062938245695903,592.4888678694548,618.3307846457326,2.1071756371787402,0.787640671517935,97.82597833092099,137.39039784712483,2.938041564547843,1.5896479322627857,38.74786871527974,95.35800735108131
7.0234023994282175,0.8122768265203663,203.87750982300602,245.3957862854239,0.44176352587982853,0.29788859865299444,0.9734518397003386,136.57377044284542,210.31742602537076,211.05657535688988,249.1374780464962,5.641266906654895,0.9998280393601262,359.70151589749554,390.36303811266276,5.712673960820602,0.59626056581153,68.74540588418574,111.72423429320786,13.788803442750808,0.6955718291962967,26.689270431077862,97.64032767587554
11.480602123140388,0.41457745851774047,236.6688455918671,286.45498790940616,0.5070428973486213,0.29084679425472004,0.9838816118431417,92.35813458181075,185.8492174930807,263.65377529293454,305.26744904416614,7.089411556119514,0.4467406103549056,516.3721098366779,548.5765276865654,10.944807059523177,0.36506401258144333,99.01402950907628,148.8684456608507,30.722635894721208,0.4387707060159103,29.23068042438842,118.55605013702159
3.762072102468101,1.1052819498578226,319.7310297573008,356.08069371057775,0.4282459925452479,0.2960396217461517,0.973071921181687,126.64500731592298,180.9039404134458,348.56855258945467,382.2434555666429,3.2924789198609448,1.1797149116781611,581.8671913652082,607.1442027489429,4.11984942091253,0.9663625978968146,109.37445315350298,150.01663833900628,4.516959075415981,1.1348651155889333,20.623886816450465,77.819511851841
4.864901253820133,1.5363200791789837,303.9150771325405,343.9507266239856,0.43276083766209555,0.27910181066890977,0.9941845500641003,154.51652404430172,216.79749007635016,332.47656522293914,368.2594336110336,4.022872132688056,2.0609949090387643,523.9859485003489,555.8464172857297,4.0931462668649035,0.41969198743307673,55.687351712244265,94.59067467285858,9.420875596151133,1.3967061326705017,53.516358651923085,120.60262293627618
13.025636745741325,0.9317224702680749,248.26705850212437,297.49031716181406,0.5262253417635842,0.33515363291929395,0.9625448641196516,112.56832491570603,205.69052808861514,270.187623158392,312.31951385825397,11.809441732988192,1.5074343428399133,581.8678404254687,610.632092951685,9.873122613879733,0.2792636784878354,138.32316362673376,183.76840871820315,24.66340228612506,0.5746296995934292,41.17524186138887,130.1019443419376
4.1092713037697335,0.7155502303762843,409.19234275810135,448.156787746205,0.4096426544701594,0.3051995376908846,1.0000000000000002,41.79390783905593,99.10131708800189,451.68059713649427,488.52374693797003,3.0549095147635055,0.9144127016384118,781.9971364342547,811.5867819872586,5.175819072724147,0.3843047200350647,147.12461145248224,188.92831464013923,5.209874707992404,0.7905638459920377,31.035425606003642,87.5283654351409
4.435536791728924,0.43295573430452716,305.63011117288255,346.1841948341857,0.46040663857600705,0.29412321870934094,0.9996805552173827,77.99823151052635,135.1495284863039,333.87640280981736,372.37097824961626,4.486922153638364,0.6853173818381193,697.0930716135645,726.811464345951,4.472307039107579,0.13761798792004457,110.04954795496896,151.50215475397968,4.209011350768301,0.36441192047190485,21.177593460689472,79.36385911531306
8.310779584985047,0.21311092845253554,405.7858006622968,449.03469657503257,0.42748487828229076,0.26818826221732345,1.0000000000000004,98.97274216878861,183.4170334215054,449.94828635454434,487.2675420289494,6.489558717363726,0.30527809507719644,870.4048338846763,897.4671203683934,10.12951332630602,0.16418982539530907,160.0324240484617,204.05813299454158,10.085348934036883,0.05503102691901063,26.60985983602963,95.1784342611213
9.048609588506261,0.6739603188139591,305.09113722976207,353.83678457079543,0.43984610361221993,0.32602220452292097,0.9896337547150673,106.5583869100159,186.8934288471388,342.10571779785033,384.9618169938501,7.101201815883744,1.0651959453035225,751.0399470923297,784.7136350465587,7.992205009030702,0.3027974548851644,205.19058739165888,250.57415211736532,16.95966619824503,0.35748582446137445,33.5390730919707,105.96042963340372
2.2087157146038834,0.12744899426841508,183.09141391474103,216.75623212826324,0.33596977892478924,0.21264272022352362,0.9125236649923876,64.75561742576912,113.83202670286165,193.77450665332876,226.04800067361197,2.129940316985269,0.1722447756142348,311.0970750776563,339.489089570633,2.1275565807356314,0.03592111828033921,24.20612619420069,60.201839918756,2.920964924178378,0.19569927057541747,5.367793092996791,60.31194038922264
4.1787727524485,2.139190947582908,361.3078378843055,399.7229727633029,0.4216359263573164,0.30592357143541854,0.9842660885884625,45.32021241636973,109.03798298333453,388.5120705404855,424.748832810585,3.9731341311405846,2.997636439958079,745.0997141277644,773.8700095160044,3.803508765499431,1.1231594765792456,46.02535068024665,87.15082256748245,6.300126168796238,0.8067073360220706,14.536248197717407,76.62445782728258
12.37755260164901,0.587728877720482,254.34160191705365,308.54706308637986,0.4856185545279502,0.3275803170486514,1.0000000000000002,167.80962796178864,250.58198077273929,272.9419327672508,321.0068471351063,9.821838602216625,0.6221691420695327,456.8990906227199,485.63749758376764,13.266126824866609,0.6279148697530194,335.42529177946153,385.8921631926394,17.4120325780006,0.4386123657233315,23.715066593236457,96.61799566817623
6.201909355081947,2.3147127167037858,315.57125250199476,360.73712124091645,0.46596960545085647,0.31651876910913024,0.9881043808337133,171.0194697711197,241.61832180207242,350.1648415316059,389.2441843544859,4.710886065301912,3.3855237988567324,892.3611434468306,919.4035801454693,5.16600206321653,0.6739316393485155,147.690979380359,189.55057102550666,12.088426565405987,2.5624587239914054,60.92999376354151,130.563772209177
6.6313778011508235,1.180710110878384,336.08412273042853,379.8360425856239,0.42861766197084195,0.31050365175604266,0.9838426916619493,39.744606529433725,104.97730014021302,380.6464559937361,421.1681843067383,5.125360025950972,1.1597890266341107,795.2263590761878,827.4948458448417,8.234327346547046,1.0662146157226686,62.85574528143956,106.99061672282716,8.323065597576537,1.473462856877454,18.920605775351195,83.10313668560983
6.0116524791078145,2.6995985838929903,323.71176801424866,366.2185875362512,0.43147497437144366,0.30359814765230125,0.9869032528051039,110.71489561014198,169.2477091131208,363.0342675350068,402.58244201436753,6.198345027156449,4.029858209359284,718.5926959626927,748.5095646896548,4.433586468383086,1.1700422848600316,110.43802801094726,151.26034879506972,8.191770810039134,1.9909192493689563,28.357772642175135,93.58102523727045
6.000241691269401,1.0708030084108775,361.72670296814744,404.44285834804185,0.3775103861587853,0.26983128464998596,0.9285220675711435,113.5682229838369,177.80533896659765,406.4765928013838,445.3119192201055,5.1975391419386305,1.3282897993683704,733.4051794399727,765.0295320935442,5.206222699608788,0.6441474701819183,96.84631812628677,139.97155805426553,10.218121941628326,1.0423194983730293,49.565104404122685,116.05273133528351
8.36047225666887,1.5194080950578002,308.77457862221894,352.82992581768906,0.40398556505908145,0.27725431373688825,0.9820534968172088,58.4877823297641,132.66618087437305,339.1123721122135,379.5164403562728,5.621669972981297,2.3486739020940584,669.2434790961403,697.177645943752,8.28712289529587,0.5052252381765787,100.25868000158282,144.70480667616894,15.133399601613958,1.2098160352882328,37.29499318893024,108.20754065926164
4.98193367705057,1.0816016349595279,347.21368747660506,390.69460815703724,0.4209252210601758,0.30492871047073444,0.9715530135476586,123.07906382275426,187.6965904779803,395.5185632640729,434.4441809326961,4.0051220241083065,1.373335637919866,863.0101865069437,893.806637489801,4.518065229732673,0.6619032809005487,117.59078437550798,158.7176254222021,8.043517166033507,1.0648812196062942,41.65128257771388,106.13393966319103
4.395126982265759,3.868005196239004,293.93374002167155,335.77887932968173,0.36911699605717513,0.2702203070202078,0.9815081050007088,196.1677899628417,260.1518972243976,313.6328493618835,351.0171518434329,3.7303444440488795,3.170304001246235,482.0875470753467,515.4980475473177,3.2334851315866664,2.084497800403827,38.80218137088746,80.04056979902364,7.888323419708648,8.221971069265528,62.58323503767592,129.9514523584165
4.834493686943746,2.5766252265376455,328.04651450771524,373.24242119888464,0.45034838872352895,0.3144475516227645,0.993750381735438,130.33445542611395,194.89824013424416,365.8696910276737,407.3604384460332,4.43103226838036,3.0445816634328597,853.7457200013123,884.7082679112467,4.690794844609923,2.0516667459770472,120.48196760798461,164.28498001663135,6.194717920176187,2.1646758260101375,53.03240545779395,117.69616145648365
10.76769547198785,0.8804038847351295,286.1643805747,332.66172509905243,0.45446988821938333,0.31727175044020106,0.9804916614944036,169.1206969926005,252.5512384606365,306.91680674173887,346.86571209167937,7.251219299672383,1.1764772666655687,496.4827413167211,527.296063134122,12.526005727723533,0.23461861553973903,86.43414733635521,136.49861566636372,18.133199680729494,0.8656200717823902,51.60000742323357,129.36592859973246
2.1069082462726416,0.49340565032512185,354.18294842179125,393.78197467069606,0.3822263834347052,0.3019761130228956,0.9826908116195071,85.7799609113877,146.00166705348568,391.3464390001548,428.0900172638483,2.115268710013596,0.5926093599094289,821.0197270970142,847.8406995061217,2.1103180727235844,0.3258302294976151,120.29662110147144,160.0703098547393,2.0789673778502316,0.5557257862712924,43.837585514912526,103.63078686196162
3.8988501916560265,1.7625670210588955,406.3255331868782,445.94924405597516,0.41563610905374393,0.3056195812593642,0.9985679898610805,130.59414259129844,192.24438787715894,449.2170828350795,485.4144439060131,3.3757113551685274,1.8226789871145972,887.1511260860402,913.5385965117924,3.7234567100534965,1.4308850993636129,109.14070766469047,151.09439106651297,6.236789889952435,2.349100954544525,42.147380498175956,105.58783137896886
4.228621722161282,0.9778806265406782,414.33958253270725,451.95456186770826,0.46465855929742855,0.3372613074861753,0.9975997755809702,73.79809047349451,131.14674102812359,459.44441591803337,494.4456639656664,4.223000082688084,0.7970823918866493,896.7729556525323,921.8412764179042,3.806339755096959,1.2413004570844974,105.73650470277045,146.2726989368249,5.2482602796503635,1.0053273390081434,19.02232945063328,78.99930352034065
11.259053068559968,0.9849230552945268,342.9733630926986,388.81520753546937,0.47125864179746635,0.3512507194991763,0.9925773543460611,93.80672859801308,179.50106428460745,386.6229924932274,425.4833786159124,8.13834401393932,1.3534844081399093,749.5092855832129,779.4096244487495,11.552777956481092,0.43327226399133517,90.6541497331225,140.76443829710627,24.608311693866757,0.9371696285770303,28.92073599256059,103.27971564395847
11.088180028288672,1.288488995695509,397.66934030908055,444.15320551625683,0.4401397324787014,0.274486985798552,0.9898738392035055,124.00756420360058,201.83867989051882,448.9809233288581,489.5871790710828,7.649596331039186,2.133965589059214,897.500700520197,921.9820727079458,9.33527133180932,0.5028566680749652,137.59929535069307,183.59873669552624,22.366429429684135,0.5093325266290094,32.495593656614844,114.6106563633911
9.183515295183835,5.689179208757412,186.54850117464787,236.79028795584637,0.38563724627152385,0.2807756385463495,0.9592429398075254,206.2611779529546,287.268104382226,182.20239920777712,225.6613205547547,6.840017508068164,6.228744685347283,316.14229953583225,357.0687384909719,6.495987862858237,4.8502345972325225,65.63319148850844,111.07641039511245,19.54520952578403,5.626749228470224,87.67122967426774,166.52026661423315
9.998034518377226,0.40158089882070314,337.765124695503,384.7253046657394,0.4686418365458368,0.2668217029226945,0.9999999999999999,163.17437361807563,221.41973544622118,356.88090036091467,402.6054764780954,10.884119426870315,0.6963540586631028,750.6935904486309,788.4652378954421,9.548536979699415,0.1716531187969115,105.23244062890237,149.42855133861272,8.976200917568848,0.2102550367699671,22.28577816706314,90.69952100134974
3.2411688612447027,1.5269346682071858,293.6520210353408,329.02390259921015,0.405631879654158,0.3103937783796073,0.976473530743204,132.67603241823494,188.37751068961177,311.32011734697437,344.46070171123927,3.0859384247722477,1.9676105580024073,514.2400030481446,539.7398066301336,3.362848710045786,1.0072335127631113,63.68954507942253,106.72794224711033,3.562079447818705,1.166680854780664,20.547595849810765,75.89783623324507
9.722874832503349,1.9050244764928612,283.1025377230486,335.84070241003167,0.4298032594721221,0.30228104039888953,0.9931926661821094,178.4450133539305,254.70346278087254,315.808014088398,361.196089794144,7.547739529304464,2.783607945503429,757.5106172316164,790.8368654016854,7.4415385560218406,0.8482985098268065,148.50165477316926,194.62573615470743,18.467087452240218,1.2371798005768095,83.66638433764331,161.65982877695262
7.973580102429844,1.1444425610330962,400.07475175060034,444.88586079445116,0.4258813494613777,0.32031478429575694,0.9668484905916488,99.6647491191047,168.99910164036854,435.9446028110775,477.82756338001326,7.543516550307718,1.5195791985049292,841.6395187318803,871.4015810949014,7.191298626357019,0.8064905366912709,186.74681500031096,232.37140702704096,11.033917828801885,0.5485230114047315,35.946786083392766,106.29006242418089
5.085707784860769,1.5660260812822535,220.9516668351931,260.47023438265154,0.3886037267505652,0.24453629910223082,0.8960490046336194,95.02956205346635,156.60127519308358,237.8665764327385,274.4227811394591,5.391282423873733,2.3801068385574022,402.87503261603655,433.39764295467484,5.210714487388878,0.45088121097874784,32.39404455861437,74.98873349687763,3.617365061785276,1.5160172084029542,21.11983110913958,86.28840954113679
7.205100102745241,0.6212820235347962,305.5641324472239,350.1431192239954,0.4458996248340062,0.30217415682974014,0.9698208962350714,104.18448951686953,161.48288992836206,344.54083753051833,386.65800231347276,6.759977780117208,0.8098114632523448,695.1355900139117,729.5711476351374,7.744776794642013,0.26448033354209194,69.18832204636382,113.98959528918583,7.587959899068898,0.6642822963139874,49.320483908565706,110.06311125011645
5.175075338413958,2.3193402552147657,398.4892380375578,442.5238224210828,0.41600756502030767,0.31763299121565064,0.9993282083611948,151.6558148024242,219.33788330217322,442.2822647405654,482.12132774863124,4.866066829474075,3.842786149889589,972.5531185508385,1003.5977075332324,4.777693804956875,0.8214871251143081,254.1277776140092,295.072554258123,6.991868866458934,1.428653316536797,65.5402099242693,131.55526114715272
2.9641545016339603,1.1607452710209987,322.00254168714525,361.01278953176535,0.4349056668344039,0.3163709082282545,1.0000000000000002,39.55205087428219,92.33142379579593,347.50154432997317,385.26874616070705,3.091837402453443,1.8482437927435849,712.7619486539551,743.5330959094827,3.0390805812925152,0.4011999940143248,38.800337580221964,80.65344650710323,2.225171976721024,0.44712462693046684,8.683733356170839,63.41346150330101
4.0412643113937605,0.8029392168399152,387.1547349481409,423.30716486275173,0.46250936644138807,0.31102382831719333,0.9572943494774059,197.6848316301165,244.28074558770209,407.6705843520035,442.69219115368054,4.606696549419563,1.2271919017341577,782.4657398323628,810.2375345379614,3.3282690308879666,0.1764833223040599,84.32631154999281,123.7388024379659,3.563671741958679,0.7613582906285995,7.685888300118914,61.912452790708436
10.20060702632648,0.6703810536238649,351.76385647474535,397.7686958676554,0.48483609916314707,0.290098448186932,1.0,82.5422036497277,162.39573511582716,387.6600768514144,429.15175730123246,8.759371776345105,0.8421408189053932,766.8065000969676,802.4856571943985,9.04405637958086,0.2048925435648379,83.67805071417288,128.8598264205097,18.11533625240127,1.1893348923572713,34.16562181174021,105.83225299207304
13.846075094971173,0.37469220733960057,311.197170566615,358.4633259184302,0.4415650525973886,0.2759184532771533,0.9999999999999994,138.50439306524748,218.11570517046837,339.58502440245616,381.5341676852184,9.31701435964648,0.3623379633053525,552.6027991430307,585.4234357402236,16.807723306369063,0.2595703941736081,99.22354889381602,152.39603521581122,22.00140227252197,0.6565391607625161,26.068501159594355,104.43667005133241
4.139426661175758,0.17913782394180477,352.28906015308075,393.4877029485164,0.41485513820426934,0.2684817269199842,0.9721565679696725,64.01083767282057,122.11758463517539,391.49489841039616,430.39403903913086,3.6343758836218956,0.18753344206689737,766.0278616671468,798.462788367883,4.665314636596452,0.10325446179062628,86.2201061278912,126.38650707312502,4.625684774873403,0.28092228337075914,15.709012029734756,74.14011973721186
7.005345707242361,0.659018570211769,309.7248426371623,350.98266687171116,0.4186496222272057,0.27449866434713155,0.9962563488845451,222.84831732808388,295.58956804306894,323.6979900644966,359.8920464035907,6.394482048014822,1.0391322929170577,538.7955034957512,570.0295757884768,4.194245682295958,0.12393368292573657,102.41413016553598,141.97975258908454,15.139082873311297,0.603467254453095,35.52243697598429,111.10376908413798
6.940796261743139,0.7806702405569975,386.8522842924021,428.8336720233603,0.46252430038674164,0.30224877103510084,0.994431805533504,106.65713843206412,169.3066106555125,412.8306421867381,452.89578367335946,6.721232540977196,1.1233696711066365,851.9578485982767,884.5222346223172,5.73381907453234,0.2634010714586891,78.60295809544498,119.85709378314402,10.923855290823882,0.7890184490447567,14.640227291940407,82.22397647099277
10.883695766864058,1.6673035832643714,365.58897931784463,416.6846387105346,0.45614463364712465,0.3092457568235557,0.9933104701990799,114.22476242931172,179.94170854359587,408.5048212256429,457.10416337318264,10.65954980857483,2.40797274081944,804.5386206385987,844.7262039249437,11.356975365638089,0.7987437658701839,105.12970725597445,153.59866384716827,10.827358699748684,0.8203757430196804,37.696196230252134,110.45896658692759
2.017042264490533,0.8532457921922886,225.36418719841717,261.49225218131846,0.35444695599211795,0.28012763110833583,0.9580604023433917,152.44812817564323,212.40885319304826,237.34325403787292,269.5559534436772,2.138160129789683,1.2643804113468775,382.1299700334471,408.47945083335657,1.8201622716293027,0.39180752416231507,67.0161155441629,105.5791179127965,2.06071971898893,0.4909639172211655,52.6946887538655,116.95883680290478
4.817276211958614,1.6744882158646475,292.2997061551757,332.5165168642561,0.3864458475486764,0.30789913048822826,0.9999999999999997,141.15953584121044,209.52373362546479,316.2736642049771,352.0257169642024,3.5929484480442944,2.3419239401518284,509.49136170203974,537.8505163087714,5.395419810747797,0.8172525480501732,95.05158495031857,138.44630323517865,7.585033272275141,0.9468698421643867,33.58991843619201,98.87094377722654
8.249510602928337,0.7746903643523214,300.0270304924214,345.9762927208891,0.4854701078901028,0.34669546527523804,0.9899822665117672,146.86788393989238,220.86985207060445,326.7691037000059,367.82027442173256,7.973509759999499,0.5365233179279186,730.9407750325691,758.3591323613219,7.560009321388162,1.1345753950228337,117.55138197432007,164.68056777018603,10.572875296377376,0.7206321264430002,41.41716678316538,112.65544878048402
