regWait,triageWait,doctorWait,LOS,ClerkUtil,NurseUtil,DoctorUtil,DoctorUtil_high,DoctorUtil_medium,DoctorUtil_low,regWait_low,triageWait_low,doctorWait_low,LOS_low,regWait_medium,triageWait_medium,doctorWait_medium,LOS_medium,regWait_high,triageWait_high,doctorWait_high,LOS_high
9.166928305497262,0.20039314150228543,44.40227144781787,84.62671858768218,0.39168614405301805,0.22084930945637077,0.5825508059320714,0.4833170769144566,0.5922856993949378,0.6224327769780125,6.651685946112814,0.29577591234966144,32.59521322210391,64.17788596792417,12.268690062509739,0.10203819563043126,59.72126567877121,105.66843480738572,12.008538081215562,0.015554876727485123,51.754820460966734,119.31869331121186
2.5018784485098013,0.5093845326791007,37.62002201138606,71.5227366576336,0.340774509685139,0.2288899171897638,0.5026418467603264,0.3248974212408986,0.5299286801702336,0.5642272261101331,2.9340214977486023,0.8135477977013655,56.53300600460292,84.28343787228707,1.8446694600669498,0.05835994313855727,11.96064181021648,51.67065982277192,2.07296871828582,0.1528922421431389,4.176313926958745,60.96318084799739
1.9309419019457401,0.3345733425182503,39.42376930645274,74.99597243601697,0.31326492773203196,0.2474922595033744,0.545102294108385,0.7142189632907183,0.4912610259158732,0.51438522770973,1.7336018912489095,0.3440650092189672,32.7451146959114,59.9499796845918,2.0402454712237468,0.3402575996248106,15.006339635709844,52.12204321921874,2.295246164707052,0.2942561401107658,110.32937828545779,167.78796989195533
3.2691582104446204,0.7100722392836005,44.10559045531695,81.48156399835143,0.380905219071486,0.2739432042115527,0.5880001548854977,0.3637224302106586,0.6581468419085108,0.6299923301999044,3.4694765194361397,1.036184388660145,33.342957651155345,64.5449436925437,3.3400487326108736,0.43275153893579393,64.23497954305907,106.07751310671446,1.7773131320184385,0.03558009116140966,8.732380101866246,64.76018604300836
1.0883548253076896,0.1864169274173203,54.930047875063316,89.41524815579928,0.31554169907951557,0.21182716728560017,0.542295558687452,0.3911028398559952,0.6069413328452489,0.5532461439453835,1.2134284995786342,0.3016496995354305,74.78025798061286,102.63241070421554,1.0174471620844205,0.07843267794745817,35.920259660639594,74.93052019046308,0.6942099358853235,0.0,19.24404494278754,73.52472891201286
3.7953356669433624,0.4605485261377069,53.094318515451185,89.30575908186422,0.3720150279935511,0.250492061160632,0.5643170605794323,0.40771077137907297,0.5312560824361146,0.6756811833229297,4.002027878257495,0.5594917049828174,79.74647393364363,110.23831164325753,3.4625425253354054,0.2765673786968302,12.705329031769246,53.262440076504774,3.693022478298737,0.5349398259384192,16.269304319212086,80.81418158256575
3.227834738673174,0.3655615586216726,28.12661816659025,63.81095275317351,0.40463589619789436,0.2673117282940722,0.6052012008698304,0.6659882002528277,0.6271069086587477,0.5529019933894145,2.8434725675944326,0.6150112942771976,6.434210910510263,32.332823438627386,3.5906605490178656,0.0916892036828428,26.209436650571305,66.73664028089206,3.908399400782406,0.05524462092425533,149.43096851952427,219.54307959250082
2.756495560607771,0.3660696027346593,14.36337968581871,48.301421201000096,0.32185849324954374,0.20317173404500008,0.46923700416117786,0.43133644478538335,0.4704525542514354,0.48697173375881747,1.5941687584981437,0.5210316638584388,13.432297743949764,38.427054265516674,4.773873314302667,0.19576897173282004,14.262640227881638,56.73681184287891,2.4358298932257014,0.0,20.87077543705332,81.67495528588704
4.779111512004432,0.4730973886460465,31.049993400535065,68.35585233978365,0.35568891929529883,0.23455856601337408,0.5239684509261654,0.4246903035992932,0.5156939497850465,0.5818820257307203,4.626994696242653,0.6231237666353653,33.57332672715589,64.65493551989425,5.289203541303144,0.35252591624099644,29.42728607325382,69.91989404159027,3.5881032439109855,0.0,21.379849862605266,86.34658933393011
1.8872867547560155,0.40537745592241975,57.1774178292625,93.48488949803368,0.31886099442379473,0.23611020802287203,0.6084419264542953,0.5866292634743894,0.6589778175377811,0.5688123668607624,1.6928893824819768,0.5257988821194044,20.70020254177617,48.673792148541835,2.0674210687745314,0.31871073313716525,82.15225292502679,121.81671231454946,2.0588587154874594,0.21384520138945773,120.88037209281691,179.65424926929
5.8432662907681205,0.4764282135945789,58.07056926520816,95.94146185593428,0.45595419095447326,0.24825627813365295,0.5998095673878384,0.42502844888061947,0.6754499897585081,0.6115597042707782,4.8976232957966825,0.5819005882802063,49.903734919957124,81.58630297406215,6.979460132393218,0.2502465904043992,77.46866518527493,118.72360215033868,5.903193035090884,0.9702333847725088,5.6824222581093675,67.39285092339233
5.713514287806972,0.2100024743589737,28.11375369792413,62.5043978130444,0.3464387938930372,0.21270256943772808,0.4777646559234753,0.39861719635983844,0.4175110814705478,0.5775919601582211,6.017621307052658,0.2619611652687331,33.62614700446472,61.808220720237514,5.128041241443016,0.1289047469658594,17.609762705826423,58.87796490296057,5.2375723849962075,0.05466912771606241,19.062142971209905,83.00933639616139
5.579631950549436,1.1611300888431917,110.3915283590471,148.23051484981573,0.4199056110183187,0.3092941468529646,0.6648741231662425,0.511665246083908,0.6729348000876214,0.733417884786031,5.912272577963884,1.3348701299487706,142.026749974371,172.63606838263874,4.801429151536244,1.1277425054234353,68.67537050810101,113.89245556460394,6.33259165909433,0.16574805111410898,54.284164961677845,112.48935255502137
3.3629349912229975,0.39723017764504803,62.31684322315545,95.67300031032674,0.3817920871630091,0.23427195218343821,0.5287151349727872,0.3249244182502493,0.5681324310742779,0.5911931972325655,3.5010215173518184,0.584192728935333,93.51456784591159,120.61638827621033,2.9659911132588697,0.13233609176291483,12.908664678651476,51.74790588335247,4.258458486943198,0.05619720939938588,35.085987161542484,99.10649768183318
14.433065287253264,0.4139131214706657,76.12324525002562,125.28101315446263,0.415383884251856,0.2466198367676786,0.6041090333553065,0.8035993633724468,0.42315665286014387,0.6853162488418989,11.644069205281355,0.4976832536424545,82.2512989953104,121.13323942997975,18.98165404194286,0.32753127394389847,26.542487872310986,81.3834191733186,16.665218391931063,0.26313610600342835,138.3606658574241,216.38050400608594
5.723351288344502,0.09528983494291468,46.54236653576171,84.10383489271172,0.38136998589380466,0.23850496369462687,0.5366785522906921,0.5723718225490338,0.6124670162357335,0.4430434532164797,6.014166726014509,0.14299122022732633,37.47163517499066,65.53549843802067,5.391687472077556,0.06269768662351842,59.30279715724649,101.76919012017063,5.583286550110128,0.0,42.901425013072874,104.68898612955698
2.5043052609022696,0.4457892566715777,23.880816823589956,60.63161359870624,0.3738847187160318,0.27890807003365514,0.5909095896109371,0.4582395124209891,0.5970289196826456,0.6511252981342024,2.506694935243079,0.48202826718058195,15.340740446463085,45.84200916285217,2.3464383339367147,0.4762460678340517,35.739298400171826,76.69491279245344,3.121116299474193,0.10169608089978889,26.97626195156908,84.84310884786453
2.08019530899757,0.18260113384731774,21.372561449504552,54.980706969627796,0.3676340067499639,0.25190614372796466,0.5538865310902217,0.5331690801238177,0.5226721401607545,0.5954596475028912,2.054551918466535,0.22358404820393815,24.87443181305194,50.833989474770654,2.121437301229323,0.143671695778469,5.359495242619184,43.17996972487732,2.0870497646822663,0.08434866670737552,54.022249541786216,115.84454670392147
5.763874458474989,0.7808933267759073,88.12454859359471,126.9445421057225,0.3973932827116138,0.28391242243678544,0.6405283621027789,0.46017168486482657,0.6171876673084679,0.7540473955160659,5.633765093504308,0.9809673845614952,109.3008793842382,141.5436870643114,6.528651688771441,0.6492639123927282,68.77022049022801,115.58326098491486,4.283602529268981,0.0,22.45649188191056,75.50694389440167
4.173733965553537,0.32173629009122895,36.503868029190635,71.2257435252442,0.37086306469401903,0.22082664986220116,0.5000853801549046,0.465992939634838,0.5030200089035536,0.5141969716662887,4.111800423529874,0.4420066235606196,44.45378240781376,71.94497016475461,4.596574043462203,0.16990682160120454,29.117898062771513,67.81488601990583,2.6194229036609045,0.16094381997664678,13.950346124663554,82.21292353915122
7.767771107668422,6.153932977010168,114.50080440240153,162.8886108086737,0.4270432888437648,0.3253474151388586,0.7184555349238779,0.9150818217360522,0.6346866751058019,0.7039112513358671,6.237570875425334,9.538305943162973,97.59669092783626,138.52689689548083,9.750686676775857,2.964930756856867,87.54284179496977,138.26312838458315,8.921724546002721,0.8095291741239373,240.0105448366511,310.5766398470812
1.565339275925244,0.29407249778928535,64.22842541584136,96.7703245459807,0.3319986134552289,0.22717803336846118,0.5064637979887829,0.3975310506219144,0.4191356072153053,0.6482583624456947,1.6840696285782923,0.4331966612805537,96.5284335726554,123.82465783243377,1.6882902902856334,0.09365895643764197,13.366638843247763,49.45556538495959,0.25285451910330126,0.012669811277594189,19.528672991611373,76.36994133169681
2.2770914809280436,0.3433006648900267,27.51225752520067,62.549317002101986,0.3349435416015539,0.23681958068160144,0.5739372087340027,0.5253986239445393,0.5785810838966626,0.5935626259660742,2.3539097424017816,0.4937151671387456,26.49939842656954,54.64864095431494,2.185071074111761,0.054196130473977804,15.998372635617912,54.00641580621126,2.215961024088762,0.5806303781903479,69.97888934577828,127.42087025608349
3.05405831591494,0.2042962035903475,25.916061704569817,58.44059735840986,0.3892089654794747,0.24738075410117885,0.5031411235867267,0.46787395719842473,0.4628493951709622,0.5610664351966423,3.4661422592848736,0.2843869910113541,37.47998208314054,63.61741178845968,2.7470747800434556,0.05541113054360907,4.033499574199712,41.50487763781945,1.5918688428009773,0.22123292638323733,24.192801066891533,79.9802840030782
9.44539570955955,0.39160955448724843,29.45781716221656,68.10302740240982,0.41128755775880504,0.23371064297624922,0.5072050119918989,0.4897686480760219,0.47042677097110774,0.5527014349706287,10.111290065468161,0.4111342589438059,36.4242299446944,68.53504718835251,7.761819090453117,0.43711422634353614,14.788347878343497,57.63486372844249,10.89467855011873,0.13833638150670005,33.98287301078983,98.85117916090323
1.7586359785505519,0.3770074574407231,41.029393869839346,74.64314887008243,0.37076513844034303,0.2740292231860792,0.5355360826822408,0.3893316457776533,0.5372295658074683,0.6069448180093071,1.8140484366773486,0.5645556913665407,58.97488489601793,85.1852159917303,1.9202648000294968,0.14217136150939083,13.594545932702987,54.33040878344665,0.6574515535608131,0.0,23.849404725100605,81.98096334098878
3.6276457440815246,0.28951658076845066,31.067623689804368,66.02113049027803,0.3272102485318018,0.21634195572698067,0.48256377813435414,0.17385800817962732,0.5298452987959129,0.5896351424501587,3.5404560819968287,0.4298995900315965,24.156136834476897,53.75737995843601,3.9558394827744823,0.09977808268294552,43.72691541922107,84.28242342427681,1.4515380585771709,0.0,8.161130231970242,72.43115877717318
2.080440969206759,0.18092650667394225,24.978165662625464,55.753605428227694,0.3183229504628856,0.1966197954379476,0.4661286287893664,0.23643758405704934,0.5832801111422509,0.4638226688026404,2.131172590296233,0.20652361130624716,19.254775877205944,42.15352896550917,1.8918661428033707,0.13238707910766323,36.79125919059267,76.60516912137732,2.7590184568726244,0.21453278718711033,8.95828495628001,65.51282749317518
2.5055384447494338,0.5438999036771868,33.85224434653634,66.67193470358447,0.3681245191161404,0.2601478263353641,0.5251013168495982,0.3214263405911221,0.5940271357500496,0.5580129860783847,2.4926696187475947,0.7448378644344326,20.43291987565488,45.76599652452909,2.4964715423762116,0.23806060193643602,58.03246261599453,97.87756094933856,2.670468080471871,0.449743290220433,18.095986095495803,77.97491673789209
1.8444644692782086,0.2520241059083757,31.052371130734706,65.6258216493595,0.3819942601828077,0.25015979196200383,0.5784260067199207,0.4593645103587718,0.5641469983336936,0.6522357632867225,1.6373587574156594,0.3632203570331841,43.47820061196343,71.15443544005048,1.9828829033191326,0.13987796399401925,17.27384755889205,57.098574156530496,2.5418128835622555,0.0,6.190912049301957,62.80316724756835
4.831258230142673,0.28729908965523226,53.017784679817254,90.43432891864171,0.4018907527060513,0.23294891220029118,0.6502475907602293,0.537028128285412,0.685635502191311,0.6714694105665564,5.280255518152286,0.4474204159108706,66.86941337900078,97.53688574104456,4.400111282087006,0.07919496066741505,31.81591821710859,72.8366862990987,3.9421471298360604,0.1844218348982435,58.690828297308855,121.50911645356102
2.3100826961121723,0.233297491782637,35.764951446133566,70.4760717891217,0.3280522465000872,0.25147912707587844,0.5229425911387129,0.44676079941032476,0.5112678862884216,0.5727081918531983,2.0478377094455857,0.2930644416103218,29.261308015382077,56.48390939579761,2.9870162381500367,0.15499856338266335,50.97939026937564,91.38838209424013,1.3396074203016772,0.166844096771594,17.653839587708326,76.26045445064095
2.2470836148495437,0.831246549755076,127.53901708179485,162.56605444386068,0.32934087007492935,0.22812497282873734,0.5770338088597613,0.37361845703187957,0.49093812008262594,0.7648371735508377,2.427164983255546,1.1997400310302064,205.4596971541447,237.54483706072608,1.7794546250884795,0.31299220239794456,21.336458524138745,57.06552848744205,2.7536638759253265,0.43848661217369767,19.67984087027729,70.466127265308
2.066839925466216,0.25741848286537594,13.318956214084535,46.54056049321549,0.38257312023359774,0.279229154155283,0.5583819007250834,0.5289857157816891,0.5948030771141506,0.5366588168077135,2.492665810109424,0.3016002143805562,5.633026602029831,30.739867842823035,1.3684989370083502,0.2629743678783445,15.629229542777667,53.556204913202684,2.4575463223620604,0.0,45.89968415463229,105.12158594771641
2.1069264690600797,0.11528333193316499,28.77547068072953,61.217363375369935,0.33097282519252436,0.21564166299236287,0.492002703086345,0.3423215696195997,0.4697371989718009,0.5891087739342618,2.5360872714409366,0.15373790956689184,40.977142532350236,68.70109140788304,1.3649191593480707,0.04072324185636734,9.346050468206347,44.44295307844673,2.298780145304505,0.16880350129809094,25.10981637415504,80.42366994835166
4.868199912299502,0.25881161651681567,57.11260926475684,93.30450218682238,0.36629256076806577,0.2246467865515559,0.5375033121610009,0.4327664794675346,0.442487336925511,0.6848877037432239,4.779547655832345,0.3525893168299752,80.84803128563432,111.75775218459944,5.092483554119642,0.1325193679792594,17.078945598845205,58.119877900022466,4.798184330815753,0.0,15.812730520524914,73.3762750623383
6.036641657036545,0.42014935722076463,55.50991454130963,91.10712416376332,0.3961666875796757,0.2453347598390238,0.4953474225463895,0.4274914611967168,0.4251289823319778,0.5994938434356376,5.374997287351093,0.5280424062018861,68.00853289653368,96.35855831971324,5.745734836146425,0.2555856090511423,7.58920682611929,50.28932695434545,11.160494914239514,0.15436629648801414,103.0308088809556,168.98701286888078
5.424410736489443,0.29960450247310066,50.071142365356735,88.29576894509829,0.40533319024583825,0.26598555789177547,0.6144041227700197,0.8259528403117051,0.4882565012253159,0.6347773855438804,5.379555583001598,0.27917605502544474,44.631795398178625,74.13418992142796,5.2486386679855,0.15489636958991326,21.135579452407615,64.17399897824207,5.887533229005929,0.6213639157090378,118.71267888696443,179.2129011854124
2.7463258974206717,0.6360330404508217,98.33545006465185,133.1662256188161,0.3582321937990216,0.2621581702500679,0.641135855753517,0.38294005064235964,0.6818449097951197,0.7295247042674927,2.550337926094118,0.6913867383265306,96.41917551934733,125.47321889896833,2.938788453872298,0.5390175105312882,114.27932264133806,153.9848462883887,3.3075024496707432,0.7006693062550172,32.572426072734544,88.42397392285764
4.860855158483731,0.9061180246060488,57.51207569572788,94.31899679552482,0.3911531547765798,0.25421948019457513,0.5576500958513548,0.38555389243690474,0.6992606769006424,0.5020876165092926,4.468909919924778,1.259076114168243,7.616822375795692,34.96247876680899,5.0012704019669805,0.3988012204328378,126.91556003577377,170.95454032813996,6.829041286942304,1.1552435190179022,40.06575025330189,106.66472078473227
2.94628900497282,0.2661089495368863,36.47810858879471,71.05560347623741,0.3756237853735096,0.2546015270870557,0.535896642674824,0.439318206098432,0.5913151347086442,0.5287673689291995,3.6142269476156166,0.37362327998278816,49.12754578921074,76.15678991849383,2.230700246650453,0.17973600790632213,19.26998867325615,59.848665133044435,1.9978342855614883,0.0,29.000721010638614,83.24262004409285
7.804643225701402,0.72463311335836,17.28098269794588,57.22492269924352,0.3910064201924256,0.2611126889073063,0.5260786302919851,0.4477786793817448,0.5570588391444643,0.534248396894626,9.123215947963331,1.1065356516383644,12.73672154524865,46.443541526571934,5.823069620358111,0.2995557753361679,23.444687642241558,66.16999505068044,8.126644650909935,0.07528612675476919,21.571700779079322,94.8507651290023
2.057418208096123,1.6816636914834382,27.78158789264608,60.713084044997366,0.36699106871451864,0.279186962514943,0.5204091924366028,0.3982950143116063,0.6325049449283909,0.46937052900731285,2.2334111431702635,2.355051879278444,9.198064677645739,33.97524555769691,1.897621100179066,1.079366315093722,56.293657773483815,95.74174619632424,1.6644796635578945,0.18198571415202228,14.160445066198788,69.37391264190954
1.8668349069434647,0.5553392975640272,24.876717219167656,57.11355226560185,0.32536633468683074,0.2503320397815875,0.5344239337630536,0.4555905187785005,0.5701792410070667,0.5380853340113173,1.5144488429652239,0.69599665036895,19.954984740585527,44.43760583131593,2.3276859573243995,0.40924183234863565,23.922556168846487,62.29677329810186,2.142839206891203,0.30321609804374816,58.160145555256996,112.78189481015073
3.6380769868900544,0.4190079093142407,48.73135234063289,85.17890350443206,0.3854483135330493,0.2668710235933487,0.6466055343989333,0.5397032227853831,0.7050508843569376,0.641611340247704,4.0975615678845765,0.6478067533492979,40.04528625180923,69.33018999450196,3.0206994872915964,0.13297179440690737,61.57661280099802,103.5815877161803,3.495155566803625,0.2582910040305464,48.12099912279008,104.51973535941515
6.003680483960177,0.2296691386153938,57.46331944274946,93.85798520736114,0.43346004867996923,0.25905551150104955,0.5868639554872904,0.37399466432156137,0.6550713108986451,0.6250912456588003,5.5545552596974135,0.29465335483493366,39.30401279407259,68.69538571666354,6.42095236288784,0.11607386547709667,90.18026615338,131.74686172083554,7.315285605046973,0.3264610500821776,20.968570144491366,86.72163454968988
7.455183215892197,0.47588567264969844,27.570623727236626,66.3812491337222,0.36179296217545254,0.2312970194750817,0.5102179189923259,0.6581036304069824,0.49412150194588916,0.45237148033143454,7.915722470014628,0.7033455928557759,17.283022329022888,47.56252246923858,6.870532290347997,0.27792311044247214,35.426946963862875,78.5450678296202,7.076753614211974,0.06847506387208839,50.881720021214946,114.94866139671457
1.5098739323841743,0.1914339035357505,8.34186890754708,40.75113144201552,0.33050868021869895,0.219006859064828,0.48428731929655405,0.502205059616211,0.49143424351180875,0.46818152492147086,1.2017110843482874,0.29495220307751274,7.528732709242196,32.19313103069764,1.9874239823910405,0.08773360770164888,6.182912097452122,42.95870636914451,1.4444613561916138,0.05392516030836229,17.636690184269565,69.3264249792241
4.961915978127243,0.2895483403616692,25.957696783287247,60.35191759989166,0.39152623554670357,0.2328127457989126,0.5113665401630191,0.42194739268066633,0.5163776892296339,0.5510649648375806,4.793682551444148,0.397089628072756,29.806123297411702,57.7149740883843,5.56248453126682,0.1387189068081869,21.99946141133818,62.390337858090234,3.8989942411543175,0.12993122144177202,15.103009810830148,70.34023305683202
4.439921376759932,0.47175773017673256,31.139804040518474,65.3540814642843,0.3125694247608471,0.21531728433317304,0.48488594818693037,0.34256527271634896,0.5554861569644072,0.48544607714474414,3.741561962344502,0.7208598507353112,15.653506644323416,41.44021078663964,5.8233142345026625,0.16474363810072243,62.96005929050795,106.40910877443113,3.0995816563788505,0.1330093358433872,2.732835647036635,53.81483885789021
5.229675625486276,0.448576207121582,58.25061096766684,97.46517568989952,0.41379940613652094,0.28414760147402107,0.610099923295467,0.5390013043355658,0.5625948631363591,0.6931542929345255,5.962188391020642,0.47506478338969915,88.05411778108369,121.42881510884577,4.729428307973129,0.5198307352689657,13.331259077542468,56.46692936882712,2.3293810006769644,0.0,37.84934301950833,101.28126590307248
1.232149411017938,0.371756906612476,23.49000731666888,56.83428592344316,0.33280796195879514,0.2190368947833779,0.5735468914611973,0.5929472924476414,0.562384701915188,0.5750088805139845,1.3287031796125008,0.3473693578159897,27.894360229609507,53.34679118468063,1.2545247193903213,0.35299805863917505,11.076332667129273,49.2151444228355,0.6181539506806146,0.5718961867011529,40.38636357209537,101.25391320739999
3.9326186714243385,0.25044176523212186,42.807249601768085,78.93391401136618,0.39668191459379604,0.2363296303029897,0.5772388463269746,0.6166079223430091,0.5805560634145726,0.5542370912313594,2.997664766014082,0.4118811911454259,17.123627116477152,43.42305774262354,5.178344249839348,0.027189581898841787,72.68156792076407,114.4126432305609,4.387063982555429,0.19561159417576163,67.89548428769514,130.5178240447321
1.9005444849993414,0.12794028013676942,63.71244694714402,98.09388415292587,0.3511788097374525,0.24804863474125147,0.5884377462529745,0.5081185837137031,0.5242112209663662,0.6928238528092184,2.1263669902700117,0.19431341149509057,91.55297444349328,120.61885883591059,1.8030765410227825,0.027983816114597788,21.249779758690575,59.14291233827609,1.0153689348109367,0.07377555307171708,40.18061191662386,92.07593509901264
2.189699644695874,0.0717418976958254,19.8475938326992,50.60830674745459,0.30335549316912486,0.2026719507877242,0.45176319175349827,0.42768693319925966,0.47806082964086827,0.4375036831432475,2.616707413981695,0.09372307517465302,20.345251181113287,43.19161217337466,1.5473294132854698,0.008902312196540812,14.814000097448202,51.025166282449604,1.9372154598841493,0.16720038160748021,35.16276568145654,94.11967835545795
1.9070631220014875,0.23750146045622286,37.17351265362177,71.01988033200811,0.3475126339720373,0.22656712713553812,0.5421212223747212,0.4102666438728305,0.5538268731201214,0.5963428608802663,2.082555577243883,0.2789099213467266,50.000957518207834,78.46117570048646,1.6800800546354802,0.19522068637619422,16.30994508643301,53.54776191905062,1.800984804325086,0.17073229844118032,44.455344207778936,94.03565601390754
2.2739413876847796,0.34372309594016875,29.98935124027588,62.397844372421474,0.3329326117262366,0.22867684312356074,0.5169238393850349,0.17721045218518394,0.6873291290302168,0.5163752433397786,2.186363723713027,0.46434776127376326,22.521116937187184,46.95346518605963,1.7935050075942505,0.17914632689420998,42.088640086389276,82.64585414639848,8.80693007557043,0.297164003045206,11.70907904421542,75.51069804770059
3.2717660996018694,0.18943143519535335,76.56034521737057,113.67115806385925,0.35074736699174724,0.23842871088722237,0.6242844509826267,0.5644367491224783,0.5483163557778561,0.7301763971174715,2.8657594099293586,0.27064946357530073,93.9250531317537,124.5360625510559,3.73281812904104,0.05495437795990547,59.69249911584443,100.27469401932483,4.150995001834665,0.14526292229087337,28.246837942377226,92.85751828819923
1.3277101297457112,0.13401195904520838,54.82472226011815,84.67955044629659,0.3122469737944695,0.2073439072482122,0.508423927966312,0.2932706603904018,0.45164264090857564,0.6727818488120033,1.276073976470367,0.18443151459307333,80.97503612962991,105.4191479429074,1.5415886123245122,0.04166502650598179,2.874603378173134,40.28484859536479,0.928091028842357,0.0,6.211918323851654,60.17650512632211
8.7737519146574,0.3142412404992893,23.907056792738427,61.94927189715415,0.4288605017726606,0.28921123450051606,0.5931700153470376,0.43639941849133057,0.6866308154615288,0.5780945136603999,9.797674752803216,0.4386239407806738,14.200597879420528,45.21262343052346,8.247505478144067,0.20880202741561787,40.96630785598099,84.38391845506882,4.5850336378657985,0.0,5.673734045718253,66.90705367348014
3.275663834871184,1.9667672312078983,49.16795531463186,86.12167318116275,0.36539733381131534,0.26503605124595725,0.5849824254526995,0.4079819926618253,0.5837849945395868,0.6746800727612494,2.892598017845143,2.5847146140298665,25.01326918029115,56.17324227507475,4.05003701295202,1.1506370654678344,89.41121539069486,130.9361655891237,2.178964731898617,1.4623583844729826,26.430371951585,84.18476602003886
2.842796452324862,0.7079155118714066,19.816684586549943,52.87047380810536,0.40398757764328447,0.26560697122848276,0.5217277569791199,0.4804480906829581,0.5800104465261762,0.48408490058014453,3.084963647382959,1.027341945895811,20.006016150361468,45.39624123010397,2.481357595364736,0.36768340407610894,22.210873893233227,59.25030647390316,2.985442318933906,0.39288102249467477,9.395573481474045,66.98960372103396
3.5320532777965647,0.38599030890809954,30.322494558672645,65.34893452205861,0.37093419020323537,0.24571683785352172,0.5339052816258247,0.583340024213545,0.5296004562848065,0.5134927356729827,3.3058161036605744,0.48116988301230035,29.70562296160722,55.69688179865013,4.220951887168941,0.3270861003320737,22.299385783600183,63.98179751042351,2.752219096909287,0.13127321172978987,52.74485099907546,108.72130173832336
4.971488404720908,0.7483424706443904,61.834499745807996,98.75271670239145,0.4007079708750894,0.24457528511246795,0.5923285013067452,0.46096672527198296,0.6955195030383736,0.5548183875924979,4.215619421008694,1.0190922430937668,23.368174055637272,51.47549148288426,6.17881268906222,0.5313227556003225,122.7954455377609,166.49660722945458,4.134281415808543,0.07156657448798948,21.405009722002227,81.6140609926838
1.6666954840282615,0.26796771036136274,40.64630544448058,73.89384734163474,0.33753460282194436,0.21669904311690003,0.5100641560043571,0.2902336957003787,0.48833099328909707,0.641712548871606,1.5124208750267074,0.4206730148177064,60.827426156546785,87.98521438619555,1.6089183541747138,0.05049466847237,5.836710513905196,45.19455380254186,3.4790007591185486,0.0,32.556827373221196,94.60741284716211
4.107682499411036,0.34790283786812054,75.76881966031999,110.61183994160203,0.45007873722907143,0.27830241657695665,0.6020000033105328,0.4533065747052328,0.5798813975670682,0.6984653233566476,4.123886771964642,0.3260229341711052,99.36964489927402,127.71261567429192,4.466239706616701,0.12312815780132987,33.03544403060228,73.3476177562559,2.3622259904776035,1.537553828272946,72.83847764615851,136.3899357962314
4.447485000115564,0.7209753175572127,92.21676893940229,131.11605259462146,0.4603205269704304,0.3149681129448248,0.7160309859145411,0.8756679201571218,0.603039856613761,0.7492036480940307,4.134790015580719,0.9713124961382602,92.6096496302768,122.50833063360821,4.4318705306247255,0.4549052343557435,53.03547829310719,95.87308278966853,5.732963759345698,0.31089345479184277,181.04849841001305,247.2079369870665
7.928439456399046,0.4524231731899473,67.36123703691828,107.27839739488104,0.4364215724049559,0.24457182267796912,0.6078846294863102,0.5980398201914802,0.5744377930087571,0.6462538706112783,9.116375332828037,0.6470212489937903,81.7735950410171,115.98826014200624,6.470608962180516,0.21050149259881365,51.426222672936,92.25119247797612,6.365205990645683,0.20723762991512887,40.78816330261836,111.22061929519697
4.698445623700063,0.8708068995768118,42.90875066996095,79.4006833292396,0.38190222513928707,0.26258693834855507,0.5762499428151379,0.5391653117655211,0.5736021544354695,0.5974400467196146,4.908638739162164,1.2855260130796955,53.42683950389904,82.33035873604265,4.161599419334478,0.3660104385996142,18.950025253971866,60.135680073570896,5.364359030660019,0.14024939003720505,64.0210750908085,130.9258488385195
7.722217500777541,0.14625461233678,33.97243368600696,72.97033079654503,0.38961177946177133,0.2360937293916762,0.5470730469767193,0.5979766379526649,0.49026433034869293,0.5784299681167732,8.115604356302166,0.24528100305898806,46.36315807249656,77.37410879808394,7.415636685846246,0.023031826249922126,8.70678988690516,52.97466732044846,6.674749700662863,0.0,39.13400750700417,103.21453785902702
3.3227235016992394,0.2713315104289029,45.20019279324203,77.26785200337171,0.33384895364555284,0.20207153321177235,0.46027412153745456,0.31080353593123966,0.49344598725908395,0.5018375486189326,3.1471265472679413,0.3597928540667211,43.18340219703623,68.67656646054081,3.777513108336782,0.14414746966758002,57.394090691914265,96.84947746294488,2.7241270904085426,0.10958227619134546,7.566278904132167,61.113973537783565
2.102381203223634,0.5170871397287332,29.728077021621406,63.93060298476768,0.3579191941776504,0.2516470054172046,0.5496825121871589,0.6698164535775644,0.5265200734286551,0.5127779802504598,2.0883617873304527,0.7235113697437763,29.41481764132208,55.17166297669242,2.0745739222239328,0.183594844750649,4.546725459964041,42.19603180123485,2.2398241075688192,0.5735625881034366,99.0334156353534,159.40149321422263
2.0283303095353262,0.2265393907757943,18.520360645368584,51.73399178623929,0.32702753560962244,0.23395721899650673,0.5218880221951265,0.5877252117772293,0.44797726851426195,0.5628801810849395,1.9840342750572675,0.3646418691844207,18.670756464899796,45.183873422880566,2.155025227046267,0.03131661113224027,16.09156781716326,52.021863183902646,1.8797840206862688,0.10208796954260807,25.150161151767215,86.05927183394833
3.3817999105410577,0.39095185181869,31.08379583068701,64.0771498956993,0.34165667016986884,0.20065971241464275,0.4701717065158368,0.3633407905224871,0.35125721968224627,0.6425016513461022,3.3206353903190107,0.4925449944437344,43.74782657385958,72.03932193854966,3.7648564497157624,0.26910800422840564,5.521134086909006,43.055184707653495,2.6642507886004716,0.0,14.270830978395198,68.73759199742977
2.6052896647490353,0.1543634019533384,84.37590534549933,117.44764372562322,0.3619751546766617,0.24375295104945652,0.6197481334197119,0.54249407430001,0.6685481347959423,0.6095751616033327,2.403426659039638,0.25117698275506856,72.38674939252502,97.32468990406878,2.7818069857288306,0.04315024260906162,112.57138633969417,152.40614225283505,3.1530000445435533,0.0028819290964676725,42.73819788251943,99.342761755334
5.272569824869859,0.6398576036283321,55.55166224987919,93.7457376632907,0.35272767165433777,0.2563298628289718,0.5341106152453934,0.531939724345967,0.43092227082391904,0.6383844051165809,5.470750864902769,0.8482134864286858,78.76745991069716,109.74335150079385,6.085954685706243,0.3754937974651154,12.797574674346134,58.97375431902513,2.3177062694094466,0.14547510974061753,27.779810656022466,87.10477490125129
2.7498152439975416,0.5227145065431674,21.837281649841096,56.45996684884648,0.3480816974150387,0.24398445436923566,0.5413143874741481,0.5259505983745797,0.5901916577752985,0.500119011722782,3.057053066021511,0.7586548968443326,11.167008843591129,37.644278584950754,2.281014821891548,0.30252970314666633,20.260719890902266,59.51223858680861,2.904915923774304,0.10873574601738767,83.19996353821716,142.429563716825
2.2107248658458305,0.5078550181491124,86.68272044112574,121.19533074205152,0.3424412240712587,0.24697464532920255,0.6149150384455693,0.44244028423286846,0.5965486248198505,0.7195188291776384,1.9580774330121267,0.7635001129375286,129.19983050111742,158.18931873151234,2.355530484843334,0.20686463334112568,33.31308891193798,71.2999419386501,3.452416349424884,0.0,10.755281891230917,72.71265524541218
4.751776392655748,0.318135482021378,27.707949579643696,61.83005631877994,0.4105808294831101,0.261208402161615,0.5512444085673991,0.425685677395846,0.6012728166993326,0.5639953660212421,4.781242712094647,0.34635930272819615,27.924778546992084,54.78215669527614,4.6057324541619025,0.23375370611904772,23.69383945385196,64.01208037981799,5.188105485956377,0.49184855104390407,43.85223136168857,101.56444781473894
7.782198981521973,0.26593271712078337,81.37142996432696,119.8938635723778,0.42319526477161046,0.2709212556791738,0.6093301173321781,0.2401167427713095,0.6651305689573764,0.7381363529874141,8.524440073824147,0.3489064833649971,127.081444495396,160.95530024625796,6.508424423803585,0.1593360428762263,13.334131459050424,56.55688232830362,8.032347156822311,0.0,5.52984969466786,70.34828847294047
3.0714968572076966,0.1648013703515475,43.55778856961785,78.45417055038023,0.3127255880148774,0.2089047377570797,0.5553957847299551,0.6075934446006086,0.49655031071661127,0.5881424288079722,3.3343347431366483,0.2356700174609588,54.7732587236698,82.98835291500154,3.315611303936922,0.04416330530476715,13.916170915462423,52.39169771151648,1.0812921243372797,0.16684239461845765,74.35794103959059,131.57864496894848
1.195410333150871,0.13811832203951827,14.952193840960051,46.06148320722561,0.29817644462099435,0.1662069823271252,0.46378234467200646,0.32650074433271337,0.4473671235612426,0.5488383659524168,1.312410782305555,0.19506025144596315,17.789892589187822,43.59908305387772,1.1152056769543512,0.07681011754685846,7.528841414723952,41.5750446652571,0.7230460712930629,0.007448460806575564,27.89799079766937,83.50718325427955
6.867516202526723,0.3601004304497693,39.54082525989358,82.52734821684739,0.3873264133606708,0.25856521565000906,0.5757159165624206,0.7178159701675718,0.6065439904633485,0.47383781585891704,7.385957742974457,0.5267025016602298,30.083643472851858,63.604933188574655,7.325650419614299,0.27261386293726225,16.215070389641497,61.12210453000612,4.080817666114101,0.08336780065997634,128.7771528660828,195.6137435370397
3.3016870060703267,0.2849908616388879,33.64742601967704,66.0813873229811,0.3685818922108752,0.24388243910751012,0.509390791935655,0.2941535982314814,0.6174924511237536,0.5089077295996431,2.8365540080911917,0.22255683970380757,8.804702856414156,32.43702324299151,4.03901562594143,0.3312334147086508,73.76963294297904,114.68018317799581,2.7312287307879615,0.5892313136936436,3.97951176288767,66.07171981332854
1.7986027866113445,0.6992066503047298,22.5655205365265,56.01175742747247,0.30863883426405564,0.24694177558399372,0.5402048274685274,0.4427824721083476,0.46935002843667045,0.6597708041804743,1.4828696216992168,1.0124436276385549,27.330517551026517,54.87790928412807,2.377916264459618,0.27905048473627403,8.860653920804848,47.56248727904685,1.8882501158880511,0.09501054726310182,37.752428362798746,91.43261937296167
5.934173066678191,0.949967539744733,85.95207213148666,123.90192430769643,0.3691429266863924,0.2743427180982067,0.6128003188813421,0.5193638036028015,0.5966319057072356,0.6756869896947191,5.75559270304379,1.1545381421568204,110.81621782335199,141.537650653277,6.539425491172225,0.7415254445220286,62.069023340626,105.98286136308664,4.914837506891619,0.44641607843460834,19.54000297198641,80.31058899480291
3.0199828193493916,0.9336361892348858,10.535364592628582,41.82741130513439,0.30709888461730034,0.2132168630351909,0.38423685950650804,0.2875450787399819,0.45771031637677173,0.3591092930195075,3.102458300594966,1.2310465395253203,6.582754877185269,29.971220568204515,2.4774950078910054,0.47213782518237735,14.878024180396816,52.790342998061966,5.830447498428242,1.1656645233236276,20.400702017317613,84.57253376355435
3.7440986484567804,0.40823554882079227,32.91720357513156,68.21278069896566,0.3605273383138989,0.23090907319718454,0.5589463582861303,0.38176641415511986,0.4954673438254803,0.7110153448122856,3.5172877126268927,0.6373180157055343,41.230254359367805,71.18103350449606,4.3388339913741145,0.09426346185169948,23.191807465689823,63.265994748790455,3.1641809070986255,0.0,12.874181683135264,66.16693718381006
5.785098318619163,0.21473109332692292,77.64459142596412,114.74218399219923,0.39709257029006506,0.2645891028263015,0.6080643052323151,0.38871375699670346,0.6824948970944669,0.6433089874879693,5.743832483060186,0.33566166415480025,62.17965897375625,92.31485446968497,5.947938753879717,0.10337558278076521,108.27394619481382,149.95720306937048,5.198493354169431,0.0,18.456445356313502,76.89865498614894
7.027723423911718,0.2996146110055781,35.223428371487564,72.59228912724662,0.40965545517371343,0.26332658445788,0.5527828955303364,0.44024643063069496,0.6204246788845199,0.5414093446259739,6.345170616538013,0.4300565397491051,29.24432634004964,58.11586618057317,7.739114424499487,0.14541110232433907,42.56485815627961,86.05867120054249,8.405198743173903,0.10736868061342018,43.23437366312986,113.19906991107031
2.5261639772863433,0.7933302166853468,71.07551815088965,106.83773582467347,0.40799315009090115,0.30224998455934077,0.6629475006189036,0.495385298487241,0.7305472922553934,0.6791288100482451,2.874730174677336,1.3134628514261073,57.124105817500464,85.0655368059238,1.761720015846892,0.12258995925264023,107.58402152852663,149.6867309227049,3.5096918321999357,0.05438890459742349,10.888272089688977,75.06199032833301
2.368536588815008,0.7272819741723364,46.19719098119043,80.45474269570165,0.37723918529785455,0.2573597400394062,0.5645098136423995,0.43070115613425697,0.594352121893406,0.601571834145464,2.2256993257558184,0.8710363248407368,52.945180602787715,80.38271642402874,2.308423265519937,0.6038819592769386,40.14860976592251,79.67779662356729,3.6082994001159006,0.2747848683963394,25.785839419744295,84.62121807550571
3.7864147189256303,0.16898162835253502,14.598138824892125,48.811229257028444,0.3690529861556429,0.22892809337187206,0.4839596598240134,0.44262100317930037,0.5033293654188361,0.4852592825515472,3.746633718335424,0.24708441032172054,15.16361972133104,41.79203786113514,3.933323089029517,0.0065965595062611754,15.517916373310069,54.91271130318951,3.425981671912458,0.31993717981364966,6.5598230239354605,72.67567872756577
1.292727070176954,0.4368262420193197,25.28164508917141,57.393474667392745,0.3249798891447354,0.23411440155645663,0.5050959164247975,0.639301731963355,0.48933362013460596,0.4537553049457101,1.478381211533121,0.3392909816239308,17.18734068906154,39.52091688759004,1.1159523342585111,0.22725479828006884,20.266235170079703,58.41967122189853,0.9363511021415434,1.3801564710676189,71.31470737545297,129.99534561175034
2.8274923408331842,0.8644445715419944,40.5102235010888,76.23695431270882,0.3374417746046224,0.23146254804329527,0.5163323185812292,0.39232239160169485,0.5434282545397949,0.5512413461124307,2.8708865632003406,1.0425719823073083,49.095302160909554,78.37022236722248,2.685602125019721,0.6517963065399878,28.9444812461202,69.03738449816501,3.123716600989423,0.6540650028361321,36.06335128556319,91.81662042872821
5.664748317491487,0.9542435284721448,98.82646673633099,138.49956946178594,0.4268750095618723,0.2879825436793854,0.6731113488410237,0.6406293843594013,0.6100121505291396,0.7524515293937192,5.174042297823101,1.4036958505553998,147.08085881284057,179.78182013779562,6.415381844380473,0.3085799379855061,45.25892774827483,88.9378171536518,5.848094967190718,0.6452948954407284,12.595483957493212,77.30566560597275
12.224496560861207,0.7167593229295576,55.86581818210522,99.8750768053725,0.3807853582949515,0.23691362489382656,0.5444522744723894,0.5673603843645497,0.4704347177404607,0.6070157762582379,10.974248193860165,0.98813558570642,56.64872219804795,92.15979601658513,14.376926120245184,0.4348907510306685,46.66977392246354,97.71844441756318,13.414517563074709,0.0,74.53458568867514,145.4105778746878
2.49192629408158,0.18204016913930623,25.399528755671508,58.57835844947932,0.3290762061922831,0.1962962119622082,0.45453644983355906,0.3016820751053898,0.46504750684769347,0.5204525801835095,2.5621658231009117,0.27246583951927117,28.032040225365048,55.07103825704939,2.4425533552900083,0.06230610548046264,21.78210696550924,59.271617679219865,2.118455853078697,0.0,20.449880865997855,89.93042001938916
1.8539515731247245,0.3909640434285002,36.00940957016195,70.08039316916202,0.3435795731320356,0.24640718998277633,0.5475429364125353,0.5049936935858054,0.4531955727449748,0.6631649214934604,1.8132798101014824,0.5790344685806651,53.927260813521166,81.38023913675282,2.209146021274336,0.0882601659687225,3.7402404124304565,43.52243830666566,1.148191726627384,0.10806832700366693,18.3464521335562,75.00773440805148
5.149888950409451,0.14772671051208303,17.262843577000172,53.40770987344983,0.39026303113056254,0.2654062488956889,0.5617890512424991,0.44411088079430056,0.5982314418208395,0.584185745888258,6.308577953101104,0.21915473727873944,18.669630714205976,48.674369340095204,3.7170380583150204,0.07144858609351448,10.175838064541358,50.47774477530778,3.900553659476961,0.02676089704848838,35.496368585794976,89.70919017659295
